<application>
  <component name="XDebuggerSettings">
    <data-views />
    <general>
      <unmute-on-stop>true</unmute-on-stop>
    </general>
    <debuggers>
      <debugger id="javascript">
        <configuration>
          <custom-object-presentation />
        </configuration>
      </debugger>
      <debugger id="python">
        <configuration>
          <option name="watchReturnValues" value="true" />
        </configuration>
      </debugger>
    </debuggers>
  </component>
</application>