<application>
  <component name="FileTypeManager" version="18">
    <ignoreFiles list="*$py.class;*.pyc;*.pyo;*.rbc;*.yarb;*~;.DS_Store;.git;.hg;.svn;CVS;__pycache__;_svn;vssver.scc;vssver2.scc" />
    <extensionMap>
      <mapping pattern="St_Barthelemy" type="AUTO_DETECTED" />
      <mapping pattern=".env.template" type="AUTO_DETECTED" />
      <mapping pattern="Dockerfile*" type="Dockerfile" />
      <mapping pattern="Dockerfile-dev" type="Dockerfile" />
      <mapping pattern=".env.local" type="Shell Script" />
      <removed_mapping pattern=".jinja" approved="true" type="Jinja2" />
      <removed_mapping pattern="buffer1.txt" approved="true" type="Python" />
      <removed_mapping pattern="configure_mobilepay.jinja" approved="true" type="Jinja2" />
      <mapping ext="jinja" type="Jinja2" />
    </extensionMap>
  </component>
</application>