<application>
  <component name="FileTypeManager" version="17">
    <ignoreFiles list="*$py.class;*.hprof;*.pyc;*.pyo;*.rbc;*.yarb;*~;.DS_Store;.git;.hg;.svn;CVS;__pycache__;_svn;vssver.scc;vssver2.scc;" />
    <extensionMap>
      <mapping pattern="Dockerfile-dev" type="Dockerfile" />
      <mapping ext="jinja" type="Jinja2" />
      <removed_mapping pattern="buffer1.txt" approved="true" type="Python" />
      <removed_mapping pattern=".jinja" approved="true" type="Jinja2" />
    </extensionMap>
  </component>
</application>