<application>
  <component name="FindSettings">
    <option name="customScope" value="All Places" />
    <option name="defaultScopeName" value="All Places" />
    <option name="regularExpressions" value="true" />
    <option name="REGULAR_EXPRESSIONS" value="true" />
    <option name="SEARCH_SCOPE" value="All Places" />
    <mask>*.html</mask>
    <mask>*.xml</mask>
    <mask>*.pyw</mask>
    <mask>*.py, *.jinja, *.js</mask>
    <mask>*.py, *.jinja</mask>
    <mask>*.css</mask>
    <mask>*.scss</mask>
    <mask>*.py, *.jinja, *.js, *.less</mask>
    <mask>*.jinja,*.js</mask>
    <mask>*.js</mask>
    <mask>*.jinja</mask>
    <mask>*.py</mask>
    <mask>*.py, *.jinja, *.js, *.less, *.scss</mask>
  </component>
</application>