<application>
  <component name="FindSettings">
    <option name="customScope" value="All Places" />
    <option name="defaultScopeName" value="All Places" />
    <option name="regularExpressions" value="true" />
    <option name="REGULAR_EXPRESSIONS" value="true" />
    <option name="SEARCH_SCOPE" value="All Places" />
    <option name="FILE_MASK" value="*.json" />
    <mask>*migrations*</mask>
    <mask>*.py</mask>
    <mask>*.d.ts</mask>
    <mask>*.yml,*.yaml</mask>
    <mask>*.css,*.scss</mask>
    <mask>*.ts</mask>
    <mask>*.ts,*.tsx</mask>
    <mask>*.json</mask>
  </component>
</application>