<application>
  <component name="GeneralSettings">
    <option name="confirmExit" value="false" />
    <option name="processCloseConfirmation" value="TERMINATE" />
    <option name="showTipsOnStartup" value="false" />
  </component>
  <component name="Registry">
    <entry key="bigger.font.in.project.view" value="true" />
    <entry key="win.editor.thumb.default.alpha.base" value="0" />
    <entry key="win.editor.thumb.default.alpha.delta" value="102" />
    <entry key="win.editor.thumb.darcula.alpha.base" value="0" />
    <entry key="win.editor.thumb.darcula.alpha.delta" value="102" />
    <entry key="win.editor.thumb.default.fill.min" value="102" />
    <entry key="win.editor.thumb.default.fill.max" value="150" />
    <entry key="win.editor.thumb.darcula.fill.min" value="102" />
    <entry key="ide.tooltip.initialDelay" value="497" />
    <entry key="debugger.watches.in.variables" value="false" />
    <entry key="documentation.show.toolbar" value="true" />
  </component>
  <component name="StatusBar">
    <option name="widgets">
      <map>
        <entry key="IdeaVim-Icon" value="false" />
        <entry key="InspectionProfile" value="false" />
        <entry key="ReadOnlyAttribute" value="false" />
      </map>
    </option>
  </component>
</application>