<application>
  <component name="NodeJSRemoteInterpreters">
    <interpreter node-remote-interpreter="docker-compose://[/Users/eero/skole/docker-compose.yml]:frontend/node" INTERPRETER_PATH="node" HELPERS_PATH=".webstorm_nodejs_helpers" INITIALIZED="false" VALID="true" RUN_AS_ROOT_VIA_SUDO="false" VERSION="" OUTDATED_ID="" DOCKER_ACCOUNT_NAME="Docker" DOCKER_COMPOSE_SERVICE_NAME="frontend" DOCKER_REMOTE_PROJECT_PATH="/opt/project">
      <PathMappingSettings>
        <option name="pathMappings">
          <list>
            <mapping local-root="$USER_HOME$/skole/frontend" remote-root="/opt/project" />
          </list>
        </option>
      </PathMappingSettings>
      <dockerComposeConfigurationPaths>
        <item value="$USER_HOME$/skole/docker-compose.yml" />
      </dockerComposeConfigurationPaths>
      <envs />
    </interpreter>
  </component>
</application>