<application>
  <component name="NotificationConfiguration" systemNotifications="false">
    <notification groupId="Angular CLI" />
    <notification groupId="Automatic indent detection" />
    <notification groupId="Code style settings migration" />
    <notification groupId="Database execution log" />
    <notification groupId="Database refactoring log" />
    <notification groupId="Database view log" />
    <notification groupId="Debugger messages" />
    <notification groupId="Dependencies from package.json" />
    <notification groupId="Execution" />
    <notification groupId="External Executable Critical Failures" />
    <notification groupId="Find in Path" displayType="TOOL_WINDOW" />
    <notification groupId="Find Problems" />
    <notification groupId="FTP/SFTP Connectivity: Remote Host" />
    <notification groupId="IDE and Plugin Updates" />
    <notification groupId="ideavim" displayType="NONE" shouldLog="false" />
    <notification groupId="ideavim-sticky" displayType="NONE" shouldLog="false" />
    <notification groupId="Indexing" />
    <notification groupId="JSCS Config Import" />
    <notification groupId="Package requirements" />
    <notification groupId="Pipfile Watcher" />
    <notification groupId="Plugins AutoSwitch" />
    <notification groupId="Plugins Suggestion" />
    <notification groupId="Plugins updates" />
    <notification groupId="Profiling" />
    <notification groupId="Project Startup Tasks Messages" />
    <notification groupId="Python Compatibility Inspection Advertiser" />
    <notification groupId="Python Scientific View Advertiser" />
    <notification groupId="Python Stub Packages Advertiser" />
    <notification groupId="scrolling-capabilities-debug" displayType="NONE" shouldLog="false" />
    <notification groupId="System Health" />
    <notification groupId="Webpack" />
  </component>
</application>