<application>
  <component name="ProjectManager">
    <defaultProject>
      <component name="ProjectLevelVcsManager">
        <ConfirmationsSetting value="1" id="Add" />
        <ConfirmationsSetting value="1" id="Remove" />
      </component>
      <component name="PropertiesComponent">
        <property name="settings.editor.selected.configurable" value="language.rust.cargo" />
      </component>
      <component name="RustProjectSettings">
        <option name="runExternalLinterOnTheFly" value="true" />
      </component>
      <component name="VcsManagerConfiguration">
        <confirmRemoveEmptyChangelist value="1" />
      </component>
    </defaultProject>
  </component>
</application>