<application>
  <component name="ProjectManager">
    <defaultProject>
      <component name="EslintConfiguration">
        <option name="fix-on-save" value="true" />
      </component>
      <component name="InspectionProjectProfileManager">
        <option name="PROJECT_PROFILE" value="Default" />
        <option name="USE_PROJECT_PROFILE" value="false" />
        <version value="1.0" />
      </component>
      <component name="ProjectInspectionProfilesVisibleTreeState">
        <entry key="Project Default">
          <profile-state>
            <expanded-state>
              <State />
              <State>
                <id>Code quality toolsJavaScript and TypeScript</id>
              </State>
              <State>
                <id>JavaScript and TypeScript</id>
              </State>
            </expanded-state>
            <selected-state>
              <State>
                <id>Eslint</id>
              </State>
            </selected-state>
          </profile-state>
        </entry>
      </component>
      <component name="ProjectLevelVcsManager">
        <OptionsSetting value="false" id="Add" />
        <OptionsSetting value="false" id="Status" />
        <OptionsSetting value="false" id="Checkout" />
        <OptionsSetting value="false" id="Edit" />
        <OptionsSetting value="false" id="Remove" />
        <OptionsSetting value="false" id="Update" />
        <ConfirmationsSetting value="1" id="Add" />
        <ConfirmationsSetting value="1" id="Remove" />
      </component>
      <component name="PropertiesComponent">
        <property name="node.js.selected.package.eslint" value="(autodetect)" />
        <property name="node.js.selected.package.standard" value="" />
        <property name="node.js.selected.package.tslint" value="(autodetect)" />
        <property name="settings.editor.selected.configurable" value="Errors" />
      </component>
      <component name="SvnConfiguration">
        <configuration />
      </component>
    </defaultProject>
  </component>
</application>