<application>
  <component name="DependencyUISettings">
    <option name="UI_SHOW_FILES" value="false" />
    <option name="UI_FILTER_LEGALS" value="true" />
  </component>
  <component name="UISettings">
    <option name="DISABLE_MNEMONICS" value="false" />
    <option name="EDITOR_TAB_PLACEMENT" value="0" />
    <option name="FULL_PATHS_IN_TITLE_BAR" value="true" />
    <option name="HIDE_TOOL_STRIPES" value="true" />
    <option name="OVERRIDE_NONIDEA_LAF_FONTS" value="true" />
    <option name="SCROLL_TAB_LAYOUT_IN_EDITOR" value="false" />
    <option name="SHOW_NAVIGATION_BAR_MEMBERS" value="false" />
    <option name="SHOW_NAVIGATION_BAR" value="false" />
  </component>
</application>