<application>
  <component name="VimEditorSettings">
    <editor>
      <key-repeat enabled="true" />
    </editor>
  </component>
  <component name="VimHistorySettings">
    <history>
      <history-search>
        <entry encoding="base64">XDxzdGFydFRpbWVWYWx1ZVw+</entry>
        <entry>start_time</entry>
        <entry>datetime&quot;</entry>
        <entry>datetime</entry>
        <entry>conso</entry>
        <entry encoding="base64">XDx0b2dnbGVEaXNhYmxlZFw+</entry>
        <entry encoding="base64">XDxkaXZcPg==</entry>
        <entry encoding="base64">XDxzaHV1cFw+</entry>
        <entry encoding="base64">XDx0cmFuc1w+</entry>
        <entry>time</entry>
        <entry>format</entry>
        <entry>button</entry>
        <entry>daycares</entry>
        <entry>paginat</entry>
        <entry encoding="base64">XDxhZGRyZXNzXD4=</entry>
        <entry>atomic</entry>
        <entry>cache</entry>
        <entry>install</entry>
        <entry>review</entry>
        <entry>-1</entry>
      </history-search>
      <history-cmd>
        <entry>vs</entry>
        <entry>action KJumpAction</entry>
        <entry>action Debug</entry>
        <entry>action FileStructurePopup</entry>
        <entry>action Back</entry>
        <entry>action ShowUsages</entry>
        <entry>action ToggleLineBreakpoint</entry>
        <entry>action ActivateDebugToolWindow</entry>
        <entry>action ActivateRunToolWindow</entry>
        <entry>action ActivatePythonConsoleToolWindow</entry>
        <entry>action QuickJavaDoc</entry>
        <entry>action GotoAction</entry>
        <entry>action Annotate</entry>
        <entry>action ActivateProjectToolWindow</entry>
        <entry>action GotoDeclarationOnly</entry>
        <entry>noh</entry>
        <entry>action ManageRecentProjects</entry>
        <entry>action GotoFile</entry>
        <entry>w</entry>
        <entry>action FindInPath</entry>
      </history-cmd>
      <history-expr />
      <history-input />
    </history>
  </component>
  <component name="VimKeySettings">
    <shortcut-conflicts>
      <shortcut-conflict owner="vim">
        <text>ctrl pressed 2</text>
      </shortcut-conflict>
      <shortcut-conflict owner="vim">
        <text>ctrl pressed 5</text>
      </shortcut-conflict>
      <shortcut-conflict owner="vim">
        <text>ctrl pressed 3</text>
      </shortcut-conflict>
      <shortcut-conflict owner="vim">
        <text>ctrl pressed J</text>
      </shortcut-conflict>
      <shortcut-conflict owner="vim">
        <text>ctrl pressed O</text>
      </shortcut-conflict>
      <shortcut-conflict owner="vim">
        <text>ctrl pressed V</text>
      </shortcut-conflict>
      <shortcut-conflict owner="vim">
        <text>ctrl pressed N</text>
      </shortcut-conflict>
      <shortcut-conflict owner="vim">
        <text>pressed F12</text>
      </shortcut-conflict>
      <shortcut-conflict owner="vim">
        <text>ctrl pressed P</text>
      </shortcut-conflict>
      <shortcut-conflict owner="ide">
        <text>ctrl pressed C</text>
      </shortcut-conflict>
      <shortcut-conflict owner="vim">
        <text>ctrl pressed 6</text>
      </shortcut-conflict>
      <shortcut-conflict owner="ide">
        <text>ctrl pressed L</text>
      </shortcut-conflict>
      <shortcut-conflict owner="vim">
        <text>ctrl pressed H</text>
      </shortcut-conflict>
      <shortcut-conflict owner="vim">
        <text>ctrl pressed 4</text>
      </shortcut-conflict>
      <shortcut-conflict owner="vim">
        <text>ctrl pressed E</text>
      </shortcut-conflict>
      <shortcut-conflict owner="vim">
        <text>ctrl pressed D</text>
      </shortcut-conflict>
      <shortcut-conflict owner="vim">
        <text>ctrl pressed K</text>
      </shortcut-conflict>
      <shortcut-conflict owner="vim">
        <text>ctrl pressed R</text>
      </shortcut-conflict>
      <shortcut-conflict owner="vim">
        <text>ctrl pressed 7</text>
      </shortcut-conflict>
      <shortcut-conflict owner="vim">
        <text>ctrl pressed I</text>
      </shortcut-conflict>
      <shortcut-conflict owner="vim">
        <text>shift pressed ENTER</text>
      </shortcut-conflict>
      <shortcut-conflict owner="vim">
        <text>ctrl pressed G</text>
      </shortcut-conflict>
      <shortcut-conflict owner="vim">
        <text>ctrl pressed F</text>
      </shortcut-conflict>
      <shortcut-conflict owner="vim">
        <text>ctrl pressed 0</text>
      </shortcut-conflict>
      <shortcut-conflict owner="vim">
        <text>ctrl pressed A</text>
      </shortcut-conflict>
      <shortcut-conflict owner="vim">
        <text>ctrl pressed B</text>
      </shortcut-conflict>
    </shortcut-conflicts>
  </component>
  <component name="VimMarksSettings">
    <globalmarks />
    <filemarks>
      <file name="$USER_HOME$/shuup/daycare-owl-marketplace/app/daycare-owl/daycare_owl/views/vendor.py" timestamp="1590741187860">
        <mark key="'" line="284" column="12" />
        <mark key="[" line="405" column="48" />
        <mark key="]" line="405" column="53" />
        <mark key="." line="287" column="19" />
        <mark key="^" line="287" column="20" />
      </file>
      <file name="/Python Console" timestamp="1590752517240">
        <mark key="[" line="0" column="0" />
      </file>
      <file name="$USER_HOME$/shuup/daycare-owl-marketplace/app/daycare-owl/daycare_owl/templates/shuup_multivendor/supplier/detail.jinja" timestamp="1590749326426">
        <mark key="'" line="21" column="1" />
        <mark key="[" line="196" column="27" />
        <mark key="]" line="196" column="53" />
      </file>
      <file name="/fragment.py" timestamp="1590750737932">
        <mark key="[" line="0" column="0" />
      </file>
      <file name="$USER_HOME$/.pyenv/versions/owl/lib/python3.6/site-packages/shuup_multivendor/templatetags/vendor.py" timestamp="1590749301052">
        <mark key="[" line="75" column="0" />
        <mark key="]" line="75" column="0" />
        <mark key="." line="75" column="0" />
      </file>
      <file name="$USER_HOME$/shuup/daycare-owl-marketplace/app/project/settings.py" timestamp="1590748426075">
        <mark key="'" line="419" column="4" />
        <mark key="[" line="225" column="44" />
        <mark key="]" line="225" column="69" />
      </file>
      <file name="$USER_HOME$/shuup/shuup-multivendor/shuup_multivendor/static_src/js/scripts.js" timestamp="1590748133317" />
      <file name="$USER_HOME$/shuup/daycare-owl-marketplace/app/daycare-owl/daycare_owl/models/daycare.py" timestamp="1590738883400">
        <mark key="[" line="52" column="6" />
        <mark key="]" line="52" column="20" />
        <mark key="^" line="52" column="6" />
        <mark key="." line="52" column="5" />
      </file>
      <file name="$USER_HOME$/shuup/shuup-multivendor/shuup_multivendor/templatetags/vendor.py" timestamp="1590749369582">
        <mark key="[" line="75" column="0" />
        <mark key="]" line="75" column="0" />
        <mark key="." line="75" column="0" />
      </file>
      <file name="/Django Console" timestamp="1590751395245">
        <mark key="[" line="0" column="0" />
        <mark key="]" line="0" column="0" />
        <mark key="." line="0" column="0" />
      </file>
      <file name="$USER_HOME$/shuup/shuup-product-reviews/shuup_vendor_reviews/templates/shuup_vendor_reviews/plugins/vendor_star_rating.jinja" timestamp="1590751791172">
        <mark key="'" line="27" column="0" />
      </file>
      <file name="$USER_HOME$/shuup/shuup-product-reviews/shuup_vendor_reviews/utils.py" timestamp="1590751894425">
        <mark key="[" line="62" column="0" />
        <mark key="]" line="62" column="0" />
        <mark key="." line="62" column="0" />
        <mark key="^" line="81" column="31" />
      </file>
      <file name="$USER_HOME$/shuup/daycare-owl-marketplace/app/daycare-owl/daycare_owl/management/commands/import_daycares_from_csv.py" timestamp="1590739268948">
        <mark key="'" line="0" column="0" />
        <mark key="[" line="52" column="13" />
        <mark key="]" line="52" column="18" />
        <mark key="o" line="52" column="15" />
      </file>
      <file name="$USER_HOME$/shuup/shuup-product-reviews/shuup_vendor_reviews/models.py" timestamp="1590752434086">
        <mark key="[" line="24" column="6" />
        <mark key="]" line="24" column="17" />
      </file>
      <file name="$USER_HOME$/.pyenv/versions/owl/lib/python3.6/site-packages/shuup_vendor_reviews/utils.py" timestamp="1590750925942">
        <mark key="[" line="84" column="0" />
        <mark key="]" line="84" column="0" />
        <mark key="^" line="84" column="10" />
        <mark key="." line="84" column="0" />
      </file>
      <file name="$USER_HOME$/shuup/shuup-product-reviews/shuup_product_reviews/signal_handlers.py" timestamp="1590755386658">
        <mark key="'" line="11" column="87" />
        <mark key="[" line="11" column="48" />
        <mark key="]" line="11" column="87" />
        <mark key="." line="11" column="48" />
      </file>
      <file name="$USER_HOME$/shuup/shuup-product-reviews/shuup_vendor_reviews/signal_handlers.py" timestamp="1590755393982">
        <mark key="'" line="11" column="85" />
        <mark key="[" line="11" column="47" />
        <mark key="]" line="11" column="85" />
        <mark key="." line="11" column="47" />
      </file>
      <file name="$USER_HOME$/shuup/daycare-owl-marketplace/app/daycare-owl/daycare_owl/models/family.py" timestamp="1590738978380">
        <mark key="[" line="17" column="60" />
        <mark key="]" line="17" column="61" />
        <mark key="." line="17" column="60" />
        <mark key="^" line="17" column="61" />
      </file>
    </filemarks>
    <jumps>
      <jump line="8" column="5" filename="$USER_HOME$/shuup/daycare-owl-marketplace/app/daycare-owl/daycare_owl/templates/daycare_owl/admin/spot_create_form.jinja" />
      <jump line="9" column="9" filename="$USER_HOME$/shuup/daycare-owl-marketplace/app/daycare-owl/daycare_owl/templates/daycare_owl/admin/spot_create_form.jinja" />
      <jump line="11" column="17" filename="$USER_HOME$/shuup/daycare-owl-marketplace/app/daycare-owl/daycare_owl/templates/daycare_owl/admin/spot_create_form.jinja" />
      <jump line="12" column="21" filename="$USER_HOME$/shuup/daycare-owl-marketplace/app/daycare-owl/daycare_owl/templates/daycare_owl/admin/spot_create_form.jinja" />
      <jump line="13" column="25" filename="$USER_HOME$/shuup/daycare-owl-marketplace/app/daycare-owl/daycare_owl/templates/daycare_owl/admin/spot_create_form.jinja" />
      <jump line="14" column="29" filename="$USER_HOME$/shuup/daycare-owl-marketplace/app/daycare-owl/daycare_owl/templates/daycare_owl/admin/spot_create_form.jinja" />
      <jump line="15" column="33" filename="$USER_HOME$/shuup/daycare-owl-marketplace/app/daycare-owl/daycare_owl/templates/daycare_owl/admin/spot_create_form.jinja" />
      <jump line="20" column="34" filename="$USER_HOME$/shuup/daycare-owl-marketplace/app/daycare-owl/daycare_owl/templates/daycare_owl/admin/spot_create_form.jinja" />
      <jump line="21" column="30" filename="$USER_HOME$/shuup/daycare-owl-marketplace/app/daycare-owl/daycare_owl/templates/daycare_owl/admin/spot_create_form.jinja" />
      <jump line="22" column="29" filename="$USER_HOME$/shuup/daycare-owl-marketplace/app/daycare-owl/daycare_owl/templates/daycare_owl/admin/spot_create_form.jinja" />
      <jump line="23" column="33" filename="$USER_HOME$/shuup/daycare-owl-marketplace/app/daycare-owl/daycare_owl/templates/daycare_owl/admin/spot_create_form.jinja" />
      <jump line="28" column="34" filename="$USER_HOME$/shuup/daycare-owl-marketplace/app/daycare-owl/daycare_owl/templates/daycare_owl/admin/spot_create_form.jinja" />
      <jump line="29" column="30" filename="$USER_HOME$/shuup/daycare-owl-marketplace/app/daycare-owl/daycare_owl/templates/daycare_owl/admin/spot_create_form.jinja" />
      <jump line="30" column="29" filename="$USER_HOME$/shuup/daycare-owl-marketplace/app/daycare-owl/daycare_owl/templates/daycare_owl/admin/spot_create_form.jinja" />
      <jump line="31" column="33" filename="$USER_HOME$/shuup/daycare-owl-marketplace/app/daycare-owl/daycare_owl/templates/daycare_owl/admin/spot_create_form.jinja" />
      <jump line="36" column="34" filename="$USER_HOME$/shuup/daycare-owl-marketplace/app/daycare-owl/daycare_owl/templates/daycare_owl/admin/spot_create_form.jinja" />
      <jump line="37" column="30" filename="$USER_HOME$/shuup/daycare-owl-marketplace/app/daycare-owl/daycare_owl/templates/daycare_owl/admin/spot_create_form.jinja" />
      <jump line="38" column="26" filename="$USER_HOME$/shuup/daycare-owl-marketplace/app/daycare-owl/daycare_owl/templates/daycare_owl/admin/spot_create_form.jinja" />
      <jump line="39" column="22" filename="$USER_HOME$/shuup/daycare-owl-marketplace/app/daycare-owl/daycare_owl/templates/daycare_owl/admin/spot_create_form.jinja" />
      <jump line="40" column="21" filename="$USER_HOME$/shuup/daycare-owl-marketplace/app/daycare-owl/daycare_owl/templates/daycare_owl/admin/spot_create_form.jinja" />
      <jump line="41" column="25" filename="$USER_HOME$/shuup/daycare-owl-marketplace/app/daycare-owl/daycare_owl/templates/daycare_owl/admin/spot_create_form.jinja" />
      <jump line="44" column="33" filename="$USER_HOME$/shuup/daycare-owl-marketplace/app/daycare-owl/daycare_owl/templates/daycare_owl/admin/spot_create_form.jinja" />
      <jump line="49" column="34" filename="$USER_HOME$/shuup/daycare-owl-marketplace/app/daycare-owl/daycare_owl/templates/daycare_owl/admin/spot_create_form.jinja" />
      <jump line="51" column="26" filename="$USER_HOME$/shuup/daycare-owl-marketplace/app/daycare-owl/daycare_owl/templates/daycare_owl/admin/spot_create_form.jinja" />
      <jump line="52" column="22" filename="$USER_HOME$/shuup/daycare-owl-marketplace/app/daycare-owl/daycare_owl/templates/daycare_owl/admin/spot_create_form.jinja" />
      <jump line="53" column="21" filename="$USER_HOME$/shuup/daycare-owl-marketplace/app/daycare-owl/daycare_owl/templates/daycare_owl/admin/spot_create_form.jinja" />
      <jump line="54" column="25" filename="$USER_HOME$/shuup/daycare-owl-marketplace/app/daycare-owl/daycare_owl/templates/daycare_owl/admin/spot_create_form.jinja" />
      <jump line="59" column="33" filename="$USER_HOME$/shuup/daycare-owl-marketplace/app/daycare-owl/daycare_owl/templates/daycare_owl/admin/spot_create_form.jinja" />
      <jump line="62" column="34" filename="$USER_HOME$/shuup/daycare-owl-marketplace/app/daycare-owl/daycare_owl/templates/daycare_owl/admin/spot_create_form.jinja" />
      <jump line="64" column="26" filename="$USER_HOME$/shuup/daycare-owl-marketplace/app/daycare-owl/daycare_owl/templates/daycare_owl/admin/spot_create_form.jinja" />
      <jump line="65" column="22" filename="$USER_HOME$/shuup/daycare-owl-marketplace/app/daycare-owl/daycare_owl/templates/daycare_owl/admin/spot_create_form.jinja" />
      <jump line="66" column="18" filename="$USER_HOME$/shuup/daycare-owl-marketplace/app/daycare-owl/daycare_owl/templates/daycare_owl/admin/spot_create_form.jinja" />
      <jump line="68" column="10" filename="$USER_HOME$/shuup/daycare-owl-marketplace/app/daycare-owl/daycare_owl/templates/daycare_owl/admin/spot_create_form.jinja" />
      <jump line="70" column="9" filename="$USER_HOME$/shuup/daycare-owl-marketplace/app/daycare-owl/daycare_owl/templates/daycare_owl/admin/spot_create_form.jinja" />
      <jump line="75" column="17" filename="$USER_HOME$/shuup/daycare-owl-marketplace/app/daycare-owl/daycare_owl/templates/daycare_owl/admin/spot_create_form.jinja" />
      <jump line="76" column="21" filename="$USER_HOME$/shuup/daycare-owl-marketplace/app/daycare-owl/daycare_owl/templates/daycare_owl/admin/spot_create_form.jinja" />
      <jump line="77" column="25" filename="$USER_HOME$/shuup/daycare-owl-marketplace/app/daycare-owl/daycare_owl/templates/daycare_owl/admin/spot_create_form.jinja" />
      <jump line="93" column="26" filename="$USER_HOME$/shuup/daycare-owl-marketplace/app/daycare-owl/daycare_owl/templates/daycare_owl/admin/spot_create_form.jinja" />
      <jump line="94" column="22" filename="$USER_HOME$/shuup/daycare-owl-marketplace/app/daycare-owl/daycare_owl/templates/daycare_owl/admin/spot_create_form.jinja" />
      <jump line="95" column="21" filename="$USER_HOME$/shuup/daycare-owl-marketplace/app/daycare-owl/daycare_owl/templates/daycare_owl/admin/spot_create_form.jinja" />
      <jump line="96" column="25" filename="$USER_HOME$/shuup/daycare-owl-marketplace/app/daycare-owl/daycare_owl/templates/daycare_owl/admin/spot_create_form.jinja" />
      <jump line="112" column="26" filename="$USER_HOME$/shuup/daycare-owl-marketplace/app/daycare-owl/daycare_owl/templates/daycare_owl/admin/spot_create_form.jinja" />
      <jump line="113" column="22" filename="$USER_HOME$/shuup/daycare-owl-marketplace/app/daycare-owl/daycare_owl/templates/daycare_owl/admin/spot_create_form.jinja" />
      <jump line="114" column="18" filename="$USER_HOME$/shuup/daycare-owl-marketplace/app/daycare-owl/daycare_owl/templates/daycare_owl/admin/spot_create_form.jinja" />
      <jump line="3" column="22" filename="$USER_HOME$/shuup/daycare-owl-marketplace/app/daycare-owl/daycare_owl/templates/daycare_owl/admin/spot_create_form.jinja" />
      <jump line="5" column="21" filename="$USER_HOME$/shuup/daycare-owl-marketplace/app/daycare-owl/daycare_owl/templates/daycare_owl/admin/spot_create_form.jinja" />
      <jump line="17" column="43" filename="$USER_HOME$/shuup/daycare-owl-marketplace/app/daycare-owl/daycare_owl/templates/daycare_owl/admin/spot_create_form.jinja" />
      <jump line="25" column="43" filename="$USER_HOME$/shuup/daycare-owl-marketplace/app/daycare-owl/daycare_owl/templates/daycare_owl/admin/spot_create_form.jinja" />
      <jump line="33" column="43" filename="$USER_HOME$/shuup/daycare-owl-marketplace/app/daycare-owl/daycare_owl/templates/daycare_owl/admin/spot_create_form.jinja" />
      <jump line="42" column="56" filename="$USER_HOME$/shuup/daycare-owl-marketplace/app/daycare-owl/daycare_owl/templates/daycare_owl/admin/spot_create_form.jinja" />
      <jump line="56" column="35" filename="$USER_HOME$/shuup/daycare-owl-marketplace/app/daycare-owl/daycare_owl/templates/daycare_owl/admin/spot_create_form.jinja" />
      <jump line="78" column="56" filename="$USER_HOME$/shuup/daycare-owl-marketplace/app/daycare-owl/daycare_owl/templates/daycare_owl/admin/spot_create_form.jinja" />
      <jump line="97" column="56" filename="$USER_HOME$/shuup/daycare-owl-marketplace/app/daycare-owl/daycare_owl/templates/daycare_owl/admin/spot_create_form.jinja" />
      <jump line="124" column="35" filename="$USER_HOME$/shuup/daycare-owl-marketplace/app/daycare-owl/daycare_owl/templates/daycare_owl/admin/spot_create_form.jinja" />
      <jump line="143" column="109" filename="$USER_HOME$/shuup/daycare-owl-marketplace/app/daycare-owl/daycare_owl/templates/daycare_owl/admin/spot_create_form.jinja" />
      <jump line="146" column="47" filename="$USER_HOME$/shuup/daycare-owl-marketplace/app/daycare-owl/daycare_owl/templates/daycare_owl/admin/spot_create_form.jinja" />
      <jump line="19" column="3" filename="$USER_HOME$/shuup/daycare-owl-marketplace/app/daycare-owl/daycare_owl/static_src/scripts/app/components/SpotItem.js" />
      <jump line="18" column="3" filename="$USER_HOME$/shuup/daycare-owl-marketplace/app/daycare-owl/daycare_owl/static_src/scripts/app/components/SpotItem.js" />
      <jump line="17" column="4" filename="$USER_HOME$/shuup/daycare-owl-marketplace/app/daycare-owl/daycare_owl/static_src/scripts/app/components/SpotItem.js" />
      <jump line="24" column="4" filename="$USER_HOME$/shuup/daycare-owl-marketplace/app/daycare-owl/daycare_owl/static_src/scripts/app/components/SpotItem.js" />
      <jump line="63" column="54" filename="$USER_HOME$/shuup/daycare-owl-marketplace/app/daycare-owl/daycare_owl/static_src/scripts/app/components/SpotItem.js" />
      <jump line="179" column="45" filename="$USER_HOME$/shuup/daycare-owl-marketplace/app/daycare-owl/daycare_owl/static_src/scripts/app/components/SpotItem.js" />
      <jump line="182" column="24" filename="$USER_HOME$/shuup/daycare-owl-marketplace/app/daycare-owl/daycare_owl/static_src/scripts/app/components/SpotItem.js" />
      <jump line="188" column="24" filename="$USER_HOME$/shuup/daycare-owl-marketplace/app/daycare-owl/daycare_owl/static_src/scripts/app/components/SpotItem.js" />
      <jump line="198" column="24" filename="$USER_HOME$/shuup/daycare-owl-marketplace/app/daycare-owl/daycare_owl/static_src/scripts/app/components/SpotItem.js" />
      <jump line="205" column="26" filename="$USER_HOME$/shuup/daycare-owl-marketplace/app/daycare-owl/daycare_owl/static_src/scripts/app/components/SpotItem.js" />
      <jump line="208" column="26" filename="$USER_HOME$/shuup/daycare-owl-marketplace/app/daycare-owl/daycare_owl/static_src/scripts/app/components/SpotItem.js" />
      <jump line="216" column="26" filename="$USER_HOME$/shuup/daycare-owl-marketplace/app/daycare-owl/daycare_owl/static_src/scripts/app/components/SpotItem.js" />
      <jump line="219" column="26" filename="$USER_HOME$/shuup/daycare-owl-marketplace/app/daycare-owl/daycare_owl/static_src/scripts/app/components/SpotItem.js" />
      <jump line="236" column="35" filename="$USER_HOME$/shuup/daycare-owl-marketplace/app/daycare-owl/daycare_owl/static_src/scripts/app/components/SpotItem.js" />
      <jump line="238" column="40" filename="$USER_HOME$/shuup/daycare-owl-marketplace/app/daycare-owl/daycare_owl/static_src/scripts/app/components/SpotItem.js" />
      <jump line="239" column="30" filename="$USER_HOME$/shuup/daycare-owl-marketplace/app/daycare-owl/daycare_owl/static_src/scripts/app/components/SpotItem.js" />
      <jump line="23" column="0" filename="$USER_HOME$/shuup/daycare-owl-marketplace/app/daycare-owl/daycare_owl/static_src/scripts/spot_create.js" />
      <jump line="240" column="49" filename="$USER_HOME$/shuup/daycare-owl-marketplace/app/daycare-owl/daycare_owl/static_src/scripts/app/components/SpotItem.js" />
      <jump line="249" column="67" filename="$USER_HOME$/shuup/daycare-owl-marketplace/app/daycare-owl/daycare_owl/static_src/scripts/app/components/SpotItem.js" />
      <jump line="242" column="58" filename="$USER_HOME$/shuup/daycare-owl-marketplace/app/daycare-owl/daycare_owl/static_src/scripts/app/components/SpotItem.js" />
      <jump line="17" column="0" filename="$USER_HOME$/shuup/daycare-owl-marketplace/app/daycare-owl/CHANGELOG.md" />
      <jump line="38" column="48" filename="$USER_HOME$/shuup/daycare-owl-marketplace/app/project/urls.py" />
      <jump line="0" column="0" filename="$USER_HOME$/shuup/daycare-owl-marketplace/app/project/urls.py" />
      <jump line="284" column="12" filename="$USER_HOME$/shuup/daycare-owl-marketplace/app/daycare-owl/daycare_owl/views/vendor.py" />
      <jump line="26" column="7" filename="$USER_HOME$/shuup/daycare-owl-marketplace/app/daycare-owl/daycare_owl/templates/daycare_owl/index/index_hero.jinja" />
      <jump line="0" column="0" filename="$USER_HOME$/shuup/daycare-owl-marketplace/app/project/settings.py" />
      <jump line="52" column="13" filename="$USER_HOME$/shuup/daycare-owl-marketplace/app/daycare-owl/daycare_owl/management/commands/import_daycares_from_csv.py" />
      <jump line="0" column="0" filename="$USER_HOME$/shuup/daycare-owl-marketplace/app/daycare-owl/daycare_owl/management/commands/import_daycares_from_csv.py" />
      <jump line="0" column="0" filename="$USER_HOME$/shuup/daycare-owl-marketplace/app/daycare-owl/daycare_owl/templates/shuup_multivendor/supplier/detail.jinja" />
      <jump line="351" column="0" filename="$USER_HOME$/shuup/daycare-owl-marketplace/app/daycare-owl/daycare_owl/templates/shuup_multivendor/supplier/detail.jinja" />
      <jump line="196" column="41" filename="$USER_HOME$/shuup/daycare-owl-marketplace/app/daycare-owl/daycare_owl/templates/shuup_multivendor/supplier/detail.jinja" />
      <jump line="195" column="43" filename="$USER_HOME$/shuup/daycare-owl-marketplace/app/daycare-owl/daycare_owl/templates/shuup_multivendor/supplier/detail.jinja" />
      <jump line="51" column="0" filename="$USER_HOME$/shuup/daycare-owl-marketplace/app/project/settings.py" />
      <jump line="212" column="5" filename="$USER_HOME$/shuup/daycare-owl-marketplace/app/project/settings.py" />
      <jump line="419" column="4" filename="$USER_HOME$/shuup/daycare-owl-marketplace/app/project/settings.py" />
      <jump line="21" column="1" filename="$USER_HOME$/shuup/daycare-owl-marketplace/app/daycare-owl/daycare_owl/templates/shuup_multivendor/supplier/detail.jinja" />
      <jump line="63" column="21" filename="$USER_HOME$/shuup/shuup-product-reviews/shuup_vendor_reviews/utils.py" />
      <jump line="62" column="33" filename="$USER_HOME$/shuup/shuup-product-reviews/shuup_vendor_reviews/utils.py" />
      <jump line="83" column="6" filename="$USER_HOME$/shuup/shuup-product-reviews/shuup_vendor_reviews/utils.py" />
      <jump line="84" column="48" filename="$USER_HOME$/shuup/shuup-product-reviews/shuup_vendor_reviews/utils.py" />
      <jump line="0" column="0" filename="$USER_HOME$/shuup/shuup-product-reviews/shuup_vendor_reviews/templates/shuup_vendor_reviews/plugins/vendor_star_rating.jinja" />
      <jump line="27" column="0" filename="$USER_HOME$/shuup/shuup-product-reviews/shuup_vendor_reviews/templates/shuup_vendor_reviews/plugins/vendor_star_rating.jinja" />
      <jump line="11" column="87" filename="$USER_HOME$/shuup/shuup-product-reviews/shuup_product_reviews/signal_handlers.py" />
      <jump line="11" column="85" filename="$USER_HOME$/shuup/shuup-product-reviews/shuup_vendor_reviews/signal_handlers.py" />
    </jumps>
  </component>
  <component name="VimRegisterSettings">
    <registers>
      <register name="&quot;" type="4">
        <text />
      </register>
      <register name="*" type="4">
        <text>()</text>
      </register>
      <register name="j" type="4">
        <text>class</text>
      </register>
      <register name="k" type="4">
        <text>kkk</text>
      </register>
      <register name="+" type="4">
        <text>disabled</text>
      </register>
      <register name="-" type="4">
        <text encoding="base64">IG9yIC0x</text>
      </register>
      <register name="/" type="4">
        <text>-1</text>
      </register>
      <register name="0" type="4">
        <text>VendorReview</text>
      </register>
      <register name="1" type="4">
        <text>()</text>
      </register>
      <register name="q" type="4">
        <text>atomic</text>
      </register>
      <register name="2" type="4">
        <text>send_vendor_review_created_notification</text>
      </register>
      <register name="3" type="4">
        <text>()</text>
      </register>
      <register name="4" type="4">
        <text>send_product_review_created_notification</text>
      </register>
      <register name="5" type="2">
        <text encoding="base64">ICAgICAgICBpZiBjYWNoZWRfc3Rhcl9yYXRpbmcgPT0gLTE6CiAgICAgICAgICAgIHJldHVybiAiIgo=</text>
      </register>
      <register name="6" type="2">
        <text encoding="base64">ICAgICMgLTEgaXMgYSBmbGFnIHRoYXQgaW5kaWNhdGVzIHRoYXQgdGhlcmUgaXMgbm8gY29udGVudCB0byByZW5kZXIK</text>
      </register>
      <register name="7" type="2">
        <text encoding="base64">ICAgICMgLTEgaXMgYSBmbGFnIHRoYXQgaW5kaWNhdGVzIHRoYXQgdGhlcmUgaXMgbm8gY29udGVudCB0byByZW5kZXIK</text>
      </register>
      <register name="8" type="2">
        <text encoding="base64">ICAgIGlmIHN0YQo=</text>
      </register>
      <register name="9" type="2">
        <text encoding="base64">ICAgIGlmIHN0YXJfcmF0aW5nCg==</text>
      </register>
      <register name=":" type="4">
        <text>action FindInPath</text>
      </register>
      <register name="z" type="4">
        <text encoding="base64">IH19Ij4=</text>
      </register>
    </registers>
  </component>
  <component name="VimSearchSettings">
    <search>
      <last-search>-1</last-search>
      <last-offset />
      <last-pattern>-1</last-pattern>
      <last-replace encoding="base64">IENoYW5nZWQ=</last-replace>
      <last-substitute encoding="base64">IENoYW5nZSQ=</last-substitute>
      <last-dir>1</last-dir>
      <show-last>false</show-last>
    </search>
  </component>
  <component name="VimSettings">
    <state version="6" enabled="true" />
    <notifications>
      <idea-join enabled="false" />
      <idea-put enabled="false" />
    </notifications>
  </component>
</application>