<application>
  <component name="VimEditorSettings">
    <editor>
      <key-repeat enabled="true" />
    </editor>
  </component>
  <component name="VimHistorySettings">
    <history>
      <history-search>
        <entry>reverse_lazy</entry>
        <entry encoding="base64">XDxzZXRfcmVnaW9uc190b19iYXNrZXRcPg==</entry>
        <entry>request.ba</entry>
        <entry>print</entry>
        <entry>VendorUnlockForm</entry>
        <entry>shop</entry>
        <entry encoding="base64">XDxjcmV0ZWRcPg==</entry>
        <entry>form</entry>
        <entry>can_up</entry>
        <entry encoding="base64">XDxyZW5kZXJfcHJvZHVjdF9iaWRkaW5nXD4=</entry>
        <entry>Desc</entry>
        <entry>current</entry>
        <entry encoding="base64">XDxjYW5fdXBkYXRlXD4=</entry>
        <entry>dista</entry>
        <entry>endif</entry>
        <entry>can_upda</entry>
        <entry encoding="base64">bm90IA==</entry>
        <entry>can_update_quote</entry>
        <entry>Problem</entry>
        <entry>1.1.4</entry>
      </history-search>
      <history-cmd>
        <entry>action ShowUsages</entry>
        <entry>vs</entry>
        <entry>action ToggleBookmarkWithMnemonic</entry>
        <entry>action GotoDeclarationOnly</entry>
        <entry>action Back</entry>
        <entry>action MarkNotificationsAsRead</entry>
        <entry>action Debug</entry>
        <entry>action ToggleLineBreakpoint</entry>
        <entry>action ActivateDebugToolWindow</entry>
        <entry>noh</entry>
        <entry>action Annotate</entry>
        <entry>action ActivateProjectToolWindow</entry>
        <entry>action GotoAction</entry>
        <entry>action FindInPath</entry>
        <entry>action FileStructurePopup</entry>
        <entry>action ManageRecentProjects</entry>
        <entry>action ShowBookmarks</entry>
        <entry>action GotoFile</entry>
        <entry>w</entry>
        <entry>action ExportSettings</entry>
      </history-cmd>
      <history-expr />
      <history-input />
    </history>
  </component>
  <component name="VimKeySettings">
    <shortcut-conflicts>
      <shortcut-conflict owner="vim">
        <text>ctrl pressed 2</text>
      </shortcut-conflict>
      <shortcut-conflict owner="vim">
        <text>ctrl pressed 5</text>
      </shortcut-conflict>
      <shortcut-conflict owner="vim">
        <text>ctrl pressed 3</text>
      </shortcut-conflict>
      <shortcut-conflict owner="vim">
        <text>ctrl pressed J</text>
      </shortcut-conflict>
      <shortcut-conflict owner="vim">
        <text>ctrl pressed O</text>
      </shortcut-conflict>
      <shortcut-conflict owner="vim">
        <text>ctrl pressed V</text>
      </shortcut-conflict>
      <shortcut-conflict owner="vim">
        <text>ctrl pressed N</text>
      </shortcut-conflict>
      <shortcut-conflict owner="vim">
        <text>pressed F12</text>
      </shortcut-conflict>
      <shortcut-conflict owner="vim">
        <text>ctrl pressed P</text>
      </shortcut-conflict>
      <shortcut-conflict owner="ide">
        <text>ctrl pressed C</text>
      </shortcut-conflict>
      <shortcut-conflict owner="vim">
        <text>ctrl pressed 6</text>
      </shortcut-conflict>
      <shortcut-conflict owner="ide">
        <text>ctrl pressed L</text>
      </shortcut-conflict>
      <shortcut-conflict owner="vim">
        <text>ctrl pressed H</text>
      </shortcut-conflict>
      <shortcut-conflict owner="vim">
        <text>ctrl pressed 4</text>
      </shortcut-conflict>
      <shortcut-conflict owner="vim">
        <text>ctrl pressed E</text>
      </shortcut-conflict>
      <shortcut-conflict owner="vim">
        <text>ctrl pressed D</text>
      </shortcut-conflict>
      <shortcut-conflict owner="vim">
        <text>ctrl pressed K</text>
      </shortcut-conflict>
      <shortcut-conflict owner="vim">
        <text>ctrl pressed R</text>
      </shortcut-conflict>
      <shortcut-conflict owner="vim">
        <text>ctrl pressed 7</text>
      </shortcut-conflict>
      <shortcut-conflict owner="vim">
        <text>ctrl pressed I</text>
      </shortcut-conflict>
      <shortcut-conflict owner="vim">
        <text>shift pressed ENTER</text>
      </shortcut-conflict>
      <shortcut-conflict owner="vim">
        <text>ctrl pressed G</text>
      </shortcut-conflict>
      <shortcut-conflict owner="vim">
        <text>ctrl pressed F</text>
      </shortcut-conflict>
      <shortcut-conflict owner="vim">
        <text>ctrl pressed 0</text>
      </shortcut-conflict>
      <shortcut-conflict owner="vim">
        <text>ctrl pressed A</text>
      </shortcut-conflict>
    </shortcut-conflicts>
  </component>
  <component name="VimMarksSettings">
    <globalmarks />
    <filemarks>
      <file name="/Python Console" timestamp="1589279201266">
        <mark key="[" line="0" column="0" />
      </file>
      <file name="$USER_HOME$/.pyenv/versions/nationwide/lib/python3.6/site-packages/shuup/admin/modules/suppliers/views/edit.py" timestamp="1589268591493">
        <mark key="'" line="20" column="42" />
        <mark key="[" line="75" column="43" />
        <mark key="]" line="75" column="46" />
      </file>
      <file name="$USER_HOME$/shuup/nationwide-marketplace/app/nationwide-app/nationwide/views/job.py" timestamp="1589279323205">
        <mark key="q" line="21" column="0" />
        <mark key="'" line="13" column="28" />
        <mark key="[" line="80" column="0" />
        <mark key="]" line="80" column="12" />
        <mark key="^" line="80" column="35" />
        <mark key="." line="80" column="12" />
        <mark key="o" line="81" column="28" />
      </file>
      <file name="$USER_HOME$/shuup/nationwide-marketplace/app/nationwide-app/nationwide/templates/nationwide/shuup/front/product/detail.jinja" timestamp="1589279618000">
        <mark key="q" line="226" column="0" />
        <mark key="[" line="40" column="0" />
        <mark key="]" line="40" column="0" />
        <mark key="." line="40" column="0" />
      </file>
      <file name="$USER_HOME$/shuup/nationwide-marketplace/app/nationwide-app/nationwide/templatetags/nationwide.py" timestamp="1589278483808">
        <mark key="'" line="263" column="3" />
        <mark key="[" line="267" column="69" />
        <mark key="]" line="267" column="70" />
        <mark key="." line="267" column="69" />
        <mark key="^" line="267" column="70" />
      </file>
      <file name="$USER_HOME$/shuup/nationwide-marketplace/app/nationwide-app/nationwide/templates/nationwide/front/service/list.jinja" timestamp="1589270605365">
        <mark key="q" line="218" column="1" />
        <mark key="'" line="219" column="0" />
        <mark key="[" line="219" column="0" />
        <mark key="]" line="219" column="0" />
        <mark key="." line="219" column="0" />
        <mark key="^" line="207" column="72" />
      </file>
      <file name="$USER_HOME$/shuup/nationwide-marketplace/app/nationwide-app/nationwide/urls.py" timestamp="1589278730613">
        <mark key="'" line="29" column="0" />
        <mark key="[" line="98" column="0" />
        <mark key="]" line="99" column="27" />
        <mark key="." line="92" column="29" />
        <mark key="^" line="92" column="47" />
      </file>
      <file name="$USER_HOME$/shuup/nationwide-marketplace/app/nationwide-app/nationwide/views/bid.py" timestamp="1589279135306">
        <mark key="'" line="0" column="0" />
        <mark key="[" line="37" column="25" />
        <mark key="]" line="37" column="59" />
        <mark key="." line="37" column="55" />
        <mark key="^" line="37" column="60" />
        <mark key="o" line="35" column="14" />
      </file>
      <file name="$USER_HOME$/shuup/nationwide-marketplace/app/nationwide-app/nationwide/templates/nationwide/front/job/edit.jinja" timestamp="1589278662321">
        <mark key="'" line="122" column="36" />
        <mark key="[" line="38" column="38" />
        <mark key="]" line="38" column="42" />
        <mark key="^" line="38" column="42" />
        <mark key="." line="38" column="41" />
      </file>
      <file name="$USER_HOME$/shuup/nationwide-marketplace/app/nationwide-app/nationwide/static_src/styles/nationwide/job-detail.less" timestamp="1589275174274">
        <mark key="q" line="60" column="4" />
        <mark key="'" line="60" column="1" />
      </file>
      <file name="$USER_HOME$/shuup/tietoa-finland-marketplace/app/tietoa-app/CHANGELOG.md" timestamp="1589282043374">
        <mark key="q" line="9" column="0" />
        <mark key="'" line="10" column="0" />
        <mark key="[" line="9" column="21" />
        <mark key="]" line="9" column="23" />
        <mark key="." line="9" column="22" />
        <mark key="^" line="9" column="23" />
      </file>
      <file name="$USER_HOME$/shuup/tietoa-finland-marketplace/app/tietoa-app/setup.cfg" timestamp="1589282011345">
        <mark key="[" line="1" column="14" />
        <mark key="]" line="1" column="15" />
        <mark key="." line="1" column="15" />
      </file>
      <file name="$USER_HOME$/shuup/nationwide-marketplace/app/nationwide-app/nationwide/forms/job.py" timestamp="1589278838327">
        <mark key="[" line="101" column="18" />
        <mark key="]" line="101" column="19" />
        <mark key="^" line="101" column="19" />
        <mark key="." line="101" column="18" />
      </file>
      <file name="/Django Console" timestamp="1589271707895">
        <mark key="[" line="0" column="0" />
        <mark key="]" line="0" column="0" />
        <mark key="." line="0" column="0" />
      </file>
      <file name="$USER_HOME$/shuup/nationwide-marketplace/app/nationwide-app/nationwide/templates/nationwide/front/service/my_bids.jinja" timestamp="1589278569760">
        <mark key="[" line="115" column="62" />
        <mark key="]" line="115" column="65" />
        <mark key="." line="115" column="64" />
        <mark key="^" line="115" column="65" />
      </file>
      <file name="$USER_HOME$/shuup/tietoa-finland-marketplace/app/project/settings.py" timestamp="1589281944518">
        <mark key="'" line="67" column="13" />
      </file>
      <file name="$USER_HOME$/shuup/nationwide-marketplace/app/nationwide-app/nationwide/templates/nationwide/front/job/list.jinja" timestamp="1589279434355">
        <mark key="[" line="61" column="0" />
        <mark key="]" line="61" column="43" />
      </file>
      <file name="$USER_HOME$/shuup/tietoa-finland-marketplace/app/setup.cfg" timestamp="1589282136693">
        <mark key="'" line="64" column="4" />
        <mark key="[" line="39" column="20" />
        <mark key="]" line="39" column="21" />
        <mark key="." line="39" column="21" />
      </file>
    </filemarks>
    <jumps>
      <jump line="42" column="7" filename="$USER_HOME$/shuup/nationwide-marketplace/app/nationwide-app/nationwide/registration_view.py" />
      <jump line="90" column="44" filename="$USER_HOME$/shuup/nationwide-marketplace/app/nationwide-app/nationwide/forms/vendor.py" />
      <jump line="97" column="11" filename="$USER_HOME$/shuup/nationwide-marketplace/app/nationwide-app/nationwide/forms/vendor.py" />
      <jump line="95" column="58" filename="$USER_HOME$/shuup/nationwide-marketplace/app/nationwide-app/nationwide/forms/vendor.py" />
      <jump line="59" column="34" filename="$USER_HOME$/shuup/nationwide-marketplace/app/nationwide-app/nationwide/forms/vendor.py" />
      <jump line="58" column="34" filename="$USER_HOME$/shuup/nationwide-marketplace/app/nationwide-app/nationwide/forms/vendor.py" />
      <jump line="23" column="27" filename="$USER_HOME$/shuup/nationwide-marketplace/app/nationwide-app/nationwide/registration_view.py" />
      <jump line="11" column="0" filename="$USER_HOME$/shuup/nationwide-marketplace/app/nationwide-app/CHANGELOG.md" />
      <jump line="69" column="11" filename="$USER_HOME$/shuup/nationwide-marketplace/app/nationwide-app/nationwide/views/guidebook.py" />
      <jump line="0" column="0" filename="$USER_HOME$/shuup/nationwide-marketplace/app/nationwide-app/nationwide/views/guidebook.py" />
      <jump line="8" column="3" filename="$USER_HOME$/shuup/nationwide-marketplace/app/nationwide-app/nationwide/forms/vendor_unlock.py" />
      <jump line="73" column="18" filename="$USER_HOME$/shuup/nationwide-marketplace/app/nationwide-app/nationwide/views/vendor_unlock.py" />
      <jump line="1" column="33" filename="$USER_HOME$/shuup/nationwide-marketplace/app/nationwide-app/nationwide/views/vendor_unlock.py" />
      <jump line="40" column="0" filename="$USER_HOME$/shuup/nationwide-marketplace/app/nationwide-app/nationwide/views/vendor_unlock.py" />
      <jump line="29" column="0" filename="$USER_HOME$/shuup/nationwide-marketplace/app/nationwide-app/nationwide/urls.py" />
      <jump line="17" column="6" filename="$USER_HOME$/shuup/nationwide-marketplace/app/nationwide-app/nationwide/views/checkout.py" />
      <jump line="69" column="0" filename="$USER_HOME$/shuup/nationwide-marketplace/app/nationwide-app/nationwide/views/vendor_unlock.py" />
      <jump line="0" column="0" filename="$USER_HOME$/shuup/nationwide-marketplace/app/project/urls.py" />
      <jump line="81" column="11" filename="$USER_HOME$/shuup/nationwide-marketplace/app/nationwide-app/nationwide/views/vendor_unlock.py" />
      <jump line="80" column="48" filename="$USER_HOME$/shuup/nationwide-marketplace/app/nationwide-app/nationwide/views/vendor_unlock.py" />
      <jump line="44" column="3" filename="$USER_HOME$/shuup/nationwide-marketplace/app/nationwide-app/nationwide/views/vendor_unlock.py" />
      <jump line="87" column="71" filename="$USER_HOME$/shuup/nationwide-marketplace/app/nationwide-app/nationwide/views/vendor_unlock.py" />
      <jump line="98" column="11" filename="$USER_HOME$/shuup/nationwide-marketplace/app/nationwide-app/nationwide/views/vendor_unlock.py" />
      <jump line="27" column="0" filename="$USER_HOME$/shuup/nationwide-marketplace/app/nationwide-app/nationwide/views/vendor_unlock.py" />
      <jump line="64" column="0" filename="$USER_HOME$/shuup/nationwide-marketplace/app/nationwide-app/nationwide/views/vendor_unlock.py" />
      <jump line="79" column="0" filename="$USER_HOME$/shuup/nationwide-marketplace/app/nationwide-app/nationwide/views/vendor_unlock.py" />
      <jump line="26" column="8" filename="$USER_HOME$/shuup/nationwide-marketplace/app/nationwide-app/nationwide/views/vendor_unlock.py" />
      <jump line="15" column="49" filename="$USER_HOME$/shuup/nationwide-marketplace/app/nationwide-app/nationwide/views/vendor_unlock.py" />
      <jump line="85" column="8" filename="$USER_HOME$/shuup/nationwide-marketplace/app/nationwide-app/nationwide/views/vendor_unlock.py" />
      <jump line="53" column="17" filename="$USER_HOME$/shuup/nationwide-marketplace/app/nationwide-app/nationwide/views/vendor_unlock.py" />
      <jump line="0" column="0" filename="$USER_HOME$/shuup/nationwide-marketplace/app/nationwide-app/nationwide/views/vendor_unlock.py" />
      <jump line="37" column="19" filename="$USER_HOME$/.pyenv/versions/nationwide/lib/python3.6/site-packages/shuup/admin/modules/suppliers/views/edit.py" />
      <jump line="96" column="75" filename="$USER_HOME$/.pyenv/versions/nationwide/lib/python3.6/site-packages/shuup/admin/modules/suppliers/views/edit.py" />
      <jump line="20" column="42" filename="$USER_HOME$/.pyenv/versions/nationwide/lib/python3.6/site-packages/shuup/admin/modules/suppliers/views/edit.py" />
      <jump line="218" column="10" filename="$USER_HOME$/shuup/nationwide-marketplace/app/nationwide-app/nationwide/templates/nationwide/front/service/list.jinja" />
      <jump line="207" column="80" filename="$USER_HOME$/shuup/nationwide-marketplace/app/nationwide-app/nationwide/templates/nationwide/front/service/list.jinja" />
      <jump line="219" column="0" filename="$USER_HOME$/shuup/nationwide-marketplace/app/nationwide-app/nationwide/templates/nationwide/front/service/list.jinja" />
      <jump line="39" column="22" filename="$USER_HOME$/shuup/nationwide-marketplace/app/nationwide-app/nationwide/views/bid.py" />
      <jump line="174" column="29" filename="$USER_HOME$/shuup/nationwide-marketplace/app/nationwide-app/nationwide/templates/nationwide/front/job/edit.jinja" />
      <jump line="0" column="0" filename="$USER_HOME$/shuup/nationwide-marketplace/app/nationwide-app/nationwide/templates/nationwide/front/job/edit.jinja" />
      <jump line="37" column="30" filename="$USER_HOME$/shuup/nationwide-marketplace/app/nationwide-app/nationwide/templates/nationwide/front/job/edit.jinja" />
      <jump line="45" column="26" filename="$USER_HOME$/shuup/nationwide-marketplace/app/nationwide-app/nationwide/templates/nationwide/front/job/edit.jinja" />
      <jump line="46" column="51" filename="$USER_HOME$/shuup/nationwide-marketplace/app/nationwide-app/nationwide/templates/nationwide/front/job/edit.jinja" />
      <jump line="59" column="73" filename="$USER_HOME$/shuup/nationwide-marketplace/app/nationwide-app/nationwide/templates/nationwide/front/job/edit.jinja" />
      <jump line="62" column="18" filename="$USER_HOME$/shuup/nationwide-marketplace/app/nationwide-app/nationwide/templates/nationwide/front/job/edit.jinja" />
      <jump line="64" column="23" filename="$USER_HOME$/shuup/nationwide-marketplace/app/nationwide-app/nationwide/templates/nationwide/front/job/edit.jinja" />
      <jump line="72" column="32" filename="$USER_HOME$/shuup/nationwide-marketplace/app/nationwide-app/nationwide/templates/nationwide/front/job/edit.jinja" />
      <jump line="73" column="32" filename="$USER_HOME$/shuup/nationwide-marketplace/app/nationwide-app/nationwide/templates/nationwide/front/job/edit.jinja" />
      <jump line="74" column="32" filename="$USER_HOME$/shuup/nationwide-marketplace/app/nationwide-app/nationwide/templates/nationwide/front/job/edit.jinja" />
      <jump line="83" column="40" filename="$USER_HOME$/shuup/nationwide-marketplace/app/nationwide-app/nationwide/templates/nationwide/front/job/edit.jinja" />
      <jump line="86" column="40" filename="$USER_HOME$/shuup/nationwide-marketplace/app/nationwide-app/nationwide/templates/nationwide/front/job/edit.jinja" />
      <jump line="91" column="40" filename="$USER_HOME$/shuup/nationwide-marketplace/app/nationwide-app/nationwide/templates/nationwide/front/job/edit.jinja" />
      <jump line="94" column="40" filename="$USER_HOME$/shuup/nationwide-marketplace/app/nationwide-app/nationwide/templates/nationwide/front/job/edit.jinja" />
      <jump line="100" column="40" filename="$USER_HOME$/shuup/nationwide-marketplace/app/nationwide-app/nationwide/templates/nationwide/front/job/edit.jinja" />
      <jump line="103" column="40" filename="$USER_HOME$/shuup/nationwide-marketplace/app/nationwide-app/nationwide/templates/nationwide/front/job/edit.jinja" />
      <jump line="108" column="40" filename="$USER_HOME$/shuup/nationwide-marketplace/app/nationwide-app/nationwide/templates/nationwide/front/job/edit.jinja" />
      <jump line="111" column="40" filename="$USER_HOME$/shuup/nationwide-marketplace/app/nationwide-app/nationwide/templates/nationwide/front/job/edit.jinja" />
      <jump line="116" column="22" filename="$USER_HOME$/shuup/nationwide-marketplace/app/nationwide-app/nationwide/templates/nationwide/front/job/edit.jinja" />
      <jump line="121" column="36" filename="$USER_HOME$/shuup/nationwide-marketplace/app/nationwide-app/nationwide/templates/nationwide/front/job/edit.jinja" />
      <jump line="122" column="36" filename="$USER_HOME$/shuup/nationwide-marketplace/app/nationwide-app/nationwide/templates/nationwide/front/job/edit.jinja" />
      <jump line="207" column="75" filename="$USER_HOME$/shuup/nationwide-marketplace/app/nationwide-app/nationwide/templates/nationwide/shuup/front/product/detail.jinja" />
      <jump line="182" column="9" filename="$USER_HOME$/shuup/nationwide-marketplace/app/nationwide-app/nationwide/templates/nationwide/shuup/front/product/detail.jinja" />
      <jump line="43" column="23" filename="$USER_HOME$/shuup/nationwide-marketplace/app/nationwide-app/nationwide/templates/nationwide/shuup/front/product/detail.jinja" />
      <jump line="206" column="25" filename="$USER_HOME$/shuup/nationwide-marketplace/app/nationwide-app/nationwide/templates/nationwide/shuup/front/product/detail.jinja" />
      <jump line="190" column="32" filename="$USER_HOME$/shuup/nationwide-marketplace/app/nationwide-app/nationwide/templates/nationwide/shuup/front/product/detail.jinja" />
      <jump line="200" column="41" filename="$USER_HOME$/shuup/nationwide-marketplace/app/nationwide-app/nationwide/templates/nationwide/shuup/front/product/detail.jinja" />
      <jump line="201" column="45" filename="$USER_HOME$/shuup/nationwide-marketplace/app/nationwide-app/nationwide/templates/nationwide/shuup/front/product/detail.jinja" />
      <jump line="199" column="14" filename="$USER_HOME$/shuup/nationwide-marketplace/app/nationwide-app/nationwide/templates/nationwide/shuup/front/product/detail.jinja" />
      <jump line="195" column="32" filename="$USER_HOME$/shuup/nationwide-marketplace/app/nationwide-app/nationwide/templates/nationwide/shuup/front/product/detail.jinja" />
      <jump line="191" column="15" filename="$USER_HOME$/shuup/nationwide-marketplace/app/nationwide-app/nationwide/templates/nationwide/shuup/front/product/detail.jinja" />
      <jump line="188" column="50" filename="$USER_HOME$/shuup/nationwide-marketplace/app/nationwide-app/nationwide/templates/nationwide/shuup/front/product/detail.jinja" />
      <jump line="186" column="22" filename="$USER_HOME$/shuup/nationwide-marketplace/app/nationwide-app/nationwide/templates/nationwide/shuup/front/product/detail.jinja" />
      <jump line="228" column="0" filename="$USER_HOME$/shuup/nationwide-marketplace/app/nationwide-app/nationwide/templates/nationwide/shuup/front/product/detail.jinja" />
      <jump line="105" column="0" filename="$USER_HOME$/shuup/nationwide-marketplace/app/nationwide-app/nationwide/templates/nationwide/shuup/front/product/detail.jinja" />
      <jump line="129" column="105" filename="$USER_HOME$/shuup/nationwide-marketplace/app/nationwide-app/nationwide/templates/nationwide/shuup/front/product/detail.jinja" />
      <jump line="178" column="11" filename="$USER_HOME$/shuup/nationwide-marketplace/app/nationwide-app/nationwide/templates/nationwide/shuup/front/product/detail.jinja" />
      <jump line="179" column="7" filename="$USER_HOME$/shuup/nationwide-marketplace/app/nationwide-app/nationwide/templates/nationwide/shuup/front/product/detail.jinja" />
      <jump line="198" column="19" filename="$USER_HOME$/shuup/nationwide-marketplace/app/nationwide-app/nationwide/templates/nationwide/shuup/front/product/detail.jinja" />
      <jump line="221" column="43" filename="$USER_HOME$/shuup/nationwide-marketplace/app/nationwide-app/nationwide/templates/nationwide/shuup/front/product/detail.jinja" />
      <jump line="238" column="15" filename="$USER_HOME$/shuup/nationwide-marketplace/app/nationwide-app/nationwide/templates/nationwide/shuup/front/product/detail.jinja" />
      <jump line="61" column="1" filename="$USER_HOME$/shuup/nationwide-marketplace/app/nationwide-app/nationwide/static_src/styles/nationwide/job-detail.less" />
      <jump line="135" column="22" filename="$USER_HOME$/shuup/nationwide-marketplace/app/nationwide-app/nationwide/templatetags/nationwide.py" />
      <jump line="263" column="3" filename="$USER_HOME$/shuup/nationwide-marketplace/app/nationwide-app/nationwide/templatetags/nationwide.py" />
      <jump line="0" column="0" filename="$USER_HOME$/shuup/nationwide-marketplace/app/nationwide-app/nationwide/templates/nationwide/shuup/front/product/detail.jinja" />
      <jump line="184" column="10" filename="$USER_HOME$/shuup/nationwide-marketplace/app/nationwide-app/nationwide/templates/nationwide/shuup/front/product/detail.jinja" />
      <jump line="97" column="56" filename="$USER_HOME$/shuup/nationwide-marketplace/app/nationwide-app/nationwide/templates/nationwide/shuup/front/product/detail.jinja" />
      <jump line="80" column="7" filename="$USER_HOME$/shuup/nationwide-marketplace/app/nationwide-app/nationwide/views/job.py" />
      <jump line="35" column="11" filename="$USER_HOME$/shuup/nationwide-marketplace/app/nationwide-app/nationwide/views/bid.py" />
      <jump line="0" column="0" filename="$USER_HOME$/shuup/nationwide-marketplace/app/nationwide-app/nationwide/views/bid.py" />
      <jump line="78" column="17" filename="$USER_HOME$/shuup/nationwide-marketplace/app/nationwide-app/nationwide/views/job.py" />
      <jump line="22" column="0" filename="$USER_HOME$/shuup/nationwide-marketplace/app/nationwide-app/nationwide/views/job.py" />
      <jump line="81" column="22" filename="$USER_HOME$/shuup/nationwide-marketplace/app/nationwide-app/nationwide/views/job.py" />
      <jump line="0" column="0" filename="$USER_HOME$/shuup/nationwide-marketplace/app/nationwide-app/nationwide/views/job.py" />
      <jump line="13" column="28" filename="$USER_HOME$/shuup/nationwide-marketplace/app/nationwide-app/nationwide/views/job.py" />
      <jump line="12" column="0" filename="$USER_HOME$/shuup/nationwide-marketplace/app/nationwide-app/CHANGELOG.md" />
      <jump line="67" column="13" filename="$USER_HOME$/shuup/tietoa-finland-marketplace/app/project/settings.py" />
      <jump line="55" column="49" filename="$USER_HOME$/shuup/tietoa-finland-marketplace/app/setup.cfg" />
      <jump line="10" column="0" filename="$USER_HOME$/shuup/tietoa-finland-marketplace/app/tietoa-app/CHANGELOG.md" />
      <jump line="2" column="0" filename="$USER_HOME$/shuup/tietoa-finland-marketplace/app/setup.cfg" />
      <jump line="64" column="4" filename="$USER_HOME$/shuup/tietoa-finland-marketplace/app/setup.cfg" />
    </jumps>
  </component>
  <component name="VimRegisterSettings">
    <registers>
      <register name="&quot;" type="4">
        <text />
      </register>
      <register name="*" type="4">
        <text>08</text>
      </register>
      <register name="j" type="4">
        <text>class</text>
      </register>
      <register name="k" type="4">
        <text>kkk</text>
      </register>
      <register name="-" type="4">
        <text>08</text>
      </register>
      <register name="/" type="4">
        <text>1.1.4</text>
      </register>
      <register name="0" type="2">
        <text encoding="base64">IyMgWzEuMS40XSAtIDIwMjAtMDUtMDgK</text>
      </register>
      <register name="1" type="2">
        <text encoding="base64">Cg==</text>
      </register>
      <register name="q" type="4">
        <text>Problem</text>
      </register>
      <register name="2" type="2">
        <text encoding="base64">IyMgRml4ZWQKCi0gRml4IHJlbW92aW5nIGxvY2F0aW9uIGZpbHRlcnMgaW4gbWFya2V0IHBhZ2UKCg==</text>
      </register>
      <register name="3" type="2">
        <text encoding="base64">Pj4+Pj4+PiBEb24ndCBhbGxvdyB2ZW5kb3IgdG8gZWRpdCBhIGJpZCBhZnRlciBpdCdzIGFjY2VwdGVkCg==</text>
      </register>
      <register name="4" type="2">
        <text encoding="base64">PDw8PDw8PCBIRUFECg==</text>
      </register>
      <register name="5" type="2">
        <text encoding="base64">PT09PT09PQo=</text>
      </register>
      <register name="6" type="2">
        <text encoding="base64">Pj4+Pj4+PiBEb24ndCBhbGxvdyB2ZW5kb3IgdG8gZWRpdCBhIGJpZCBhZnRlciBpdCdzIGFjY2VwdGVkCg==</text>
      </register>
      <register name="7" type="2">
        <text encoding="base64">ICAgICAgICAgICAgICAgIEZPIE9GYXNkamZzZGFsa2pmIGwK</text>
      </register>
      <register name="8" type="2">
        <text encoding="base64">ICAgICAgICBpZiAicGsiIGluIGt3YXJnczoK</text>
      </register>
      <register name="9" type="2">
        <text encoding="base64">ICAgICAgICBpZiByZXF1ZXN0Lm1ldGhvZCA9PSAiUE9TVCI6Cg==</text>
      </register>
      <register name=":" type="4">
        <text>action ExportSettings</text>
      </register>
    </registers>
  </component>
  <component name="VimSearchSettings">
    <search>
      <last-search>1.1.4</last-search>
      <last-offset />
      <last-pattern>1.1.4</last-pattern>
      <last-replace>&quot;</last-replace>
      <last-substitute>'</last-substitute>
      <last-dir>1</last-dir>
      <show-last>true</show-last>
    </search>
  </component>
  <component name="VimSettings">
    <state version="6" enabled="true" />
    <notifications>
      <idea-join enabled="false" />
      <idea-put enabled="false" />
    </notifications>
  </component>
</application>