<application>
  <component name="VimEditorSettings">
    <editor>
      <key-repeat enabled="true" />
    </editor>
  </component>
  <component name="VimHistorySettings">
    <history>
      <history-search>
        <entry>vendor.ed</entry>
        <entry encoding="base64">XDxtYXNzX2FjdGlvbnNcPg==</entry>
        <entry encoding="base64">XDxoYXNfaW5zdGFsbGVkXD4=</entry>
        <entry>Login</entry>
        <entry>name</entry>
        <entry>title ==</entry>
        <entry>request</entry>
        <entry>log</entry>
        <entry>approv</entry>
        <entry encoding="base64">XDxyZW5kZXJfdG9fc3RyaW5nXD4=</entry>
        <entry encoding="base64">XDxnZXRfc2VsbGluZ19idXR0b25fYW5kX3ByaWNlX2Rpc3BsYXlcPg==</entry>
        <entry encoding="base64">XDxnZXRfc3RvY2tfaW5mb3JtYXRpb25cPg==</entry>
        <entry>form</entry>
        <entry encoding="base64">XDxhdG9taWNcPg==</entry>
        <entry encoding="base64">XDx2ZW5kb3JfYXBwcm92ZWRcPg==</entry>
        <entry>render_periods_script</entry>
        <entry encoding="base64">XDxyZW5kZXJfcGVyaW9kc19zY3JpcHRcPg==</entry>
        <entry>\v//|#</entry>
        <entry>\v\/\/|#</entry>
        <entry>select</entry>
      </history-search>
      <history-cmd>
        <entry>action Forward</entry>
        <entry>action ShowUsages</entry>
        <entry>action ShowErrorDescription</entry>
        <entry>action Run</entry>
        <entry>action MarkNotificationsAsRead</entry>
        <entry>action GotoNextError</entry>
        <entry>e</entry>
        <entry encoding="base64">JzwsJz5hY3Rpb24gRXhwcmVzc2lvblR5cGVJbmZv</entry>
        <entry>action RenameElement</entry>
        <entry>action LocalHistory.ShowHistory</entry>
        <entry>action FindInPath</entry>
        <entry>action GotoFile</entry>
        <entry>action RecentFiles</entry>
        <entry>action Back</entry>
        <entry>action ExpressionTypeInfo</entry>
        <entry>action KJumpAction</entry>
        <entry>action Vcs.QuickListPopupAction</entry>
        <entry>w</entry>
        <entry>action ActivateProjectToolWindow</entry>
        <entry>noh</entry>
      </history-cmd>
      <history-expr />
      <history-input />
    </history>
  </component>
  <component name="VimKeySettings">
    <shortcut-conflicts>
      <shortcut-conflict owner="vim">
        <text>ctrl pressed 2</text>
      </shortcut-conflict>
      <shortcut-conflict owner="vim">
        <text>ctrl pressed 5</text>
      </shortcut-conflict>
      <shortcut-conflict owner="vim">
        <text>ctrl pressed 3</text>
      </shortcut-conflict>
      <shortcut-conflict owner="vim">
        <text>ctrl pressed J</text>
      </shortcut-conflict>
      <shortcut-conflict owner="vim">
        <text>ctrl pressed O</text>
      </shortcut-conflict>
      <shortcut-conflict owner="vim">
        <text>ctrl pressed V</text>
      </shortcut-conflict>
      <shortcut-conflict owner="vim">
        <text>ctrl pressed N</text>
      </shortcut-conflict>
      <shortcut-conflict owner="vim">
        <text>pressed F12</text>
      </shortcut-conflict>
      <shortcut-conflict owner="vim">
        <text>ctrl pressed P</text>
      </shortcut-conflict>
      <shortcut-conflict owner="ide">
        <text>ctrl pressed C</text>
      </shortcut-conflict>
      <shortcut-conflict owner="vim">
        <text>ctrl pressed 6</text>
      </shortcut-conflict>
      <shortcut-conflict owner="ide">
        <text>ctrl pressed L</text>
      </shortcut-conflict>
      <shortcut-conflict owner="vim">
        <text>ctrl pressed H</text>
      </shortcut-conflict>
      <shortcut-conflict owner="vim">
        <text>ctrl pressed 4</text>
      </shortcut-conflict>
    </shortcut-conflicts>
  </component>
  <component name="VimMarksSettings">
    <globalmarks />
    <filemarks>
      <file name="/Python Console" timestamp="1586161021903">
        <mark key="[" line="0" column="0" />
      </file>
      <file name="$USER_HOME$/shuup/daycare-owl-marketplace/shuup-packages/shuup-multivendor/shuup_multivendor/admin_module/views/vendor.py" timestamp="1586165417818">
        <mark key="q" line="165" column="19" />
        <mark key="'" line="166" column="22" />
        <mark key="[" line="88" column="0" />
        <mark key="]" line="99" column="75" />
        <mark key="." line="151" column="29" />
        <mark key="^" line="151" column="30" />
      </file>
      <file name="$USER_HOME$/shuup/daycare-owl-marketplace/app/daycare-owl/daycare_owl/templates/shuup_multivendor/admin/vendor/macros.jinja" timestamp="1586187996095">
        <mark key="q" line="64" column="20" />
        <mark key="'" line="55" column="84" />
        <mark key="[" line="55" column="0" />
        <mark key="]" line="55" column="0" />
        <mark key="." line="55" column="0" />
        <mark key="^" line="55" column="78" />
      </file>
      <file name="$USER_HOME$/shuup/daycare-owl-marketplace/venv/lib/python3.8/site-packages/shuup/admin/toolbar.py" timestamp="1586164786274">
        <mark key="'" line="100" column="32" />
        <mark key="[" line="49" column="6" />
        <mark key="]" line="89" column="38" />
        <mark key="^" line="89" column="38" />
        <mark key="." line="89" column="37" />
      </file>
      <file name="$USER_HOME$/shuup/daycare-owl-marketplace/shuup-packages/shuup-multivendor/shuup_multivendor/admin_module/views/__init__.py" timestamp="1586159884840">
        <mark key="'" line="24" column="0" />
        <mark key="[" line="24" column="0" />
        <mark key="]" line="24" column="0" />
        <mark key="^" line="24" column="0" />
        <mark key="." line="24" column="0" />
      </file>
      <file name="$USER_HOME$/shuup/daycare-owl-marketplace/shuup-packages/shuup-multivendor/shuup_multivendor/admin_module/views/approve.py" timestamp="1586170034451">
        <mark key="q" line="152" column="19" />
        <mark key="'" line="140" column="21" />
        <mark key="[" line="21" column="0" />
        <mark key="]" line="21" column="0" />
        <mark key="." line="21" column="0" />
        <mark key="^" line="140" column="22" />
      </file>
      <file name="$USER_HOME$/shuup/daycare-owl-marketplace/shuup-packages/shuup-multivendor/shuup_multivendor/admin_module/modules/management.py" timestamp="1586159794836">
        <mark key="'" line="31" column="58" />
        <mark key="[" line="36" column="62" />
        <mark key="]" line="36" column="79" />
        <mark key="." line="36" column="78" />
        <mark key="^" line="36" column="79" />
      </file>
      <file name="$USER_HOME$/shuup/daycare-owl-marketplace/shuup-packages/shuup-multivendor/shuup_multivendor/locale/en/LC_MESSAGES/django.po" timestamp="1585747294479">
        <mark key="'" line="695" column="0" />
      </file>
      <file name="$USER_HOME$/shuup/daycare-owl-marketplace/shuup-packages/shuup-multivendor/shuup_multivendor/templates/shuup_multivendor/admin/vendor/approve.jinja" timestamp="1585747233444">
        <mark key="[" line="0" column="15" />
        <mark key="]" line="0" column="15" />
        <mark key="." line="0" column="14" />
        <mark key="^" line="0" column="15" />
      </file>
      <file name="$USER_HOME$/shuup/daycare-owl-marketplace/app/project/settings.py" timestamp="1586165818418">
        <mark key="'" line="578" column="0" />
      </file>
      <file name="$USER_HOME$/shuup/daycare-owl-marketplace/app/daycare-owl/daycare_owl/templates/shuup_multivendor/admin/vendor/_edit_opening_periods_form.jinja" timestamp="1586174889887">
        <mark key="'" line="5" column="19" />
        <mark key="[" line="28" column="0" />
        <mark key="]" line="28" column="132" />
        <mark key="." line="27" column="0" />
      </file>
      <file name="$USER_HOME$/shuup/daycare-owl-marketplace/shuup-packages/shuup-multivendor/shuup_multivendor/locale/zh_Hans/LC_MESSAGES/django.po" timestamp="1585747278330">
        <mark key="'" line="0" column="0" />
      </file>
      <file name="$USER_HOME$/shuup/daycare-owl-marketplace/venv/lib/python3.8/site-packages/django/views/generic/detail.py" timestamp="1586161430778">
        <mark key="'" line="31" column="35" />
      </file>
      <file name="$USER_HOME$/shuup/daycare-owl-marketplace/shuup-packages/shuup-multivendor/shuup_multivendor/admin_module/forms/vendor.py" timestamp="1586160464247">
        <mark key="'" line="116" column="27" />
      </file>
      <file name="$USER_HOME$/shuup/daycare-owl-marketplace/shuup-packages/shuup-multivendor/shuup_multivendor/plugins/top_vendors.py" timestamp="1586170078969">
        <mark key="'" line="0" column="0" />
        <mark key="[" line="11" column="0" />
        <mark key="]" line="11" column="0" />
        <mark key="." line="11" column="0" />
      </file>
      <file name="$USER_HOME$/shuup/daycare-owl-marketplace/app/daycare-owl-admin/daycare_owl_admin/package.json" timestamp="1586172122578">
        <mark key="'" line="33" column="25" />
        <mark key="[" line="33" column="25" />
        <mark key="]" line="33" column="34" />
        <mark key="^" line="33" column="34" />
        <mark key="." line="33" column="33" />
      </file>
      <file name="$USER_HOME$/shuup/daycare-owl-marketplace/venv/lib/python3.8/site-packages/shuup/admin/modules/suppliers/views/delete.py" timestamp="1586161463433">
        <mark key="'" line="17" column="31" />
        <mark key="[" line="23" column="0" />
        <mark key="]" line="30" column="23" />
      </file>
    </filemarks>
    <jumps>
      <jump line="313" column="21" filename="$USER_HOME$/shuup/daycare-owl-marketplace/shuup-packages/shuup-multivendor/shuup_multivendor/admin_module/views/products.py" />
      <jump line="314" column="21" filename="$USER_HOME$/shuup/daycare-owl-marketplace/shuup-packages/shuup-multivendor/shuup_multivendor/admin_module/views/products.py" />
      <jump line="116" column="57" filename="$USER_HOME$/shuup/daycare-owl-marketplace/venv/lib/python3.8/site-packages/shuup/simple_supplier/utils.py" />
      <jump line="225" column="10" filename="$USER_HOME$/shuup/daycare-owl-marketplace/shuup-packages/shuup-multivendor/shuup_multivendor/admin_module/views/vendor.py" />
      <jump line="144" column="24" filename="$USER_HOME$/shuup/daycare-owl-marketplace/shuup-packages/shuup-multivendor/shuup_multivendor/admin_module/views/vendor.py" />
      <jump line="140" column="0" filename="$USER_HOME$/shuup/daycare-owl-marketplace/shuup-packages/shuup-multivendor/shuup_multivendor/admin_module/views/vendor.py" />
      <jump line="6" column="16" filename="$USER_HOME$/shuup/daycare-owl-marketplace/shuup-packages/shuup-multivendor/shuup_multivendor/templates/shuup_multivendor/admin/vendor/edit.jinja" />
      <jump line="4" column="16" filename="$USER_HOME$/shuup/daycare-owl-marketplace/shuup-packages/shuup-multivendor/shuup_multivendor/templates/shuup_multivendor/admin/vendor/edit.jinja" />
      <jump line="23" column="0" filename="$USER_HOME$/shuup/daycare-owl-marketplace/shuup-packages/shuup-multivendor/shuup_multivendor/templates/shuup_multivendor/admin/vendor/edit.jinja" />
      <jump line="0" column="0" filename="$USER_HOME$/shuup/daycare-owl-marketplace/shuup-packages/shuup-multivendor/shuup_multivendor/templates/shuup_multivendor/admin/vendor/edit.jinja" />
      <jump line="251" column="16" filename="$USER_HOME$/shuup/daycare-owl-marketplace/shuup-packages/shuup-multivendor/shuup_multivendor/admin_module/views/vendor.py" />
      <jump line="250" column="25" filename="$USER_HOME$/shuup/daycare-owl-marketplace/shuup-packages/shuup-multivendor/shuup_multivendor/admin_module/views/vendor.py" />
      <jump line="165" column="0" filename="$USER_HOME$/shuup/daycare-owl-marketplace/shuup-packages/shuup-multivendor/shuup_multivendor/locale/zh_Hans/LC_MESSAGES/django.po" />
      <jump line="0" column="0" filename="$USER_HOME$/shuup/daycare-owl-marketplace/shuup-packages/shuup-multivendor/shuup_multivendor/locale/zh_Hans/LC_MESSAGES/django.po" />
      <jump line="695" column="0" filename="$USER_HOME$/shuup/daycare-owl-marketplace/shuup-packages/shuup-multivendor/shuup_multivendor/locale/en/LC_MESSAGES/django.po" />
      <jump line="136" column="11" filename="$USER_HOME$/shuup/daycare-owl-marketplace/shuup-packages/shuup-multivendor/shuup_multivendor/admin_module/views/vendor.py" />
      <jump line="135" column="24" filename="$USER_HOME$/shuup/daycare-owl-marketplace/shuup-packages/shuup-multivendor/shuup_multivendor/admin_module/views/vendor.py" />
      <jump line="154" column="23" filename="$USER_HOME$/shuup/daycare-owl-marketplace/shuup-packages/shuup-multivendor/shuup_multivendor/admin_module/views/vendor.py" />
      <jump line="104" column="63" filename="$USER_HOME$/shuup/daycare-owl-marketplace/shuup-packages/shuup-multivendor/shuup_multivendor/admin_module/views/vendor.py" />
      <jump line="98" column="11" filename="$USER_HOME$/shuup/daycare-owl-marketplace/shuup-packages/shuup-multivendor/shuup_multivendor/admin_module/views/vendor.py" />
      <jump line="150" column="81" filename="$USER_HOME$/shuup/daycare-owl-marketplace/shuup-packages/shuup-multivendor/shuup_multivendor/admin_module/views/vendor.py" />
      <jump line="28" column="3" filename="$USER_HOME$/shuup/daycare-owl-marketplace/shuup-packages/shuup-multivendor/shuup_multivendor/admin_module/views/user.py" />
      <jump line="44" column="0" filename="$USER_HOME$/shuup/daycare-owl-marketplace/shuup-packages/shuup-multivendor/shuup_multivendor/admin_module/forms/vendor.py" />
      <jump line="31" column="58" filename="$USER_HOME$/shuup/daycare-owl-marketplace/shuup-packages/shuup-multivendor/shuup_multivendor/admin_module/modules/management.py" />
      <jump line="248" column="24" filename="$USER_HOME$/shuup/daycare-owl-marketplace/shuup-packages/shuup-multivendor/shuup_multivendor/admin_module/views/vendor.py" />
      <jump line="258" column="3" filename="$USER_HOME$/shuup/daycare-owl-marketplace/shuup-packages/shuup-multivendor/shuup_multivendor/admin_module/views/vendor.py" />
      <jump line="147" column="3" filename="$USER_HOME$/shuup/daycare-owl-marketplace/shuup-packages/shuup-multivendor/shuup_multivendor/admin_module/views/approve.py" />
      <jump line="25" column="0" filename="$USER_HOME$/shuup/daycare-owl-marketplace/shuup-packages/shuup-multivendor/shuup_multivendor/admin_module/views/__init__.py" />
      <jump line="155" column="68" filename="$USER_HOME$/shuup/daycare-owl-marketplace/shuup-packages/shuup-multivendor/shuup_multivendor/admin_module/views/vendor.py" />
      <jump line="234" column="62" filename="$USER_HOME$/shuup/daycare-owl-marketplace/shuup-packages/shuup-multivendor/shuup_multivendor/admin_module/views/vendor.py" />
      <jump line="159" column="72" filename="$USER_HOME$/shuup/daycare-owl-marketplace/shuup-packages/shuup-multivendor/shuup_multivendor/admin_module/views/vendor.py" />
      <jump line="117" column="13" filename="$USER_HOME$/shuup/daycare-owl-marketplace/shuup-packages/shuup-multivendor/shuup_multivendor/admin_module/views/approve.py" />
      <jump line="15" column="34" filename="$USER_HOME$/shuup/daycare-owl-marketplace/shuup-packages/shuup-multivendor/shuup_multivendor/admin_module/views/approve.py" />
      <jump line="126" column="36" filename="$USER_HOME$/shuup/daycare-owl-marketplace/shuup-packages/shuup-multivendor/shuup_multivendor/admin_module/views/approve.py" />
      <jump line="244" column="35" filename="$USER_HOME$/shuup/daycare-owl-marketplace/shuup-packages/shuup-multivendor/shuup_multivendor/admin_module/views/vendor.py" />
      <jump line="116" column="27" filename="$USER_HOME$/shuup/daycare-owl-marketplace/shuup-packages/shuup-multivendor/shuup_multivendor/admin_module/forms/vendor.py" />
      <jump line="24" column="54" filename="$USER_HOME$/shuup/daycare-owl-marketplace/venv/lib/python3.8/site-packages/shuup/admin/modules/suppliers/views/delete.py" />
      <jump line="160" column="7" filename="$USER_HOME$/shuup/daycare-owl-marketplace/shuup-packages/shuup-multivendor/shuup_multivendor/admin_module/views/approve.py" />
      <jump line="135" column="35" filename="$USER_HOME$/shuup/daycare-owl-marketplace/shuup-packages/shuup-multivendor/shuup_multivendor/admin_module/views/approve.py" />
      <jump line="138" column="20" filename="$USER_HOME$/shuup/daycare-owl-marketplace/shuup-packages/shuup-multivendor/shuup_multivendor/admin_module/views/approve.py" />
      <jump line="25" column="25" filename="$USER_HOME$/shuup/daycare-owl-marketplace/shuup-packages/shuup-multivendor/shuup_multivendor/admin_module/views/approve.py" />
      <jump line="150" column="0" filename="$USER_HOME$/shuup/daycare-owl-marketplace/shuup-packages/shuup-multivendor/shuup_multivendor/admin_module/views/approve.py" />
      <jump line="253" column="26" filename="$USER_HOME$/shuup/daycare-owl-marketplace/shuup-packages/shuup-multivendor/shuup_multivendor/admin_module/views/vendor.py" />
      <jump line="159" column="3" filename="$USER_HOME$/shuup/daycare-owl-marketplace/shuup-packages/shuup-multivendor/shuup_multivendor/admin_module/views/approve.py" />
      <jump line="154" column="7" filename="$USER_HOME$/shuup/daycare-owl-marketplace/shuup-packages/shuup-multivendor/shuup_multivendor/admin_module/views/approve.py" />
      <jump line="153" column="3" filename="$USER_HOME$/shuup/daycare-owl-marketplace/shuup-packages/shuup-multivendor/shuup_multivendor/admin_module/views/approve.py" />
      <jump line="33" column="27" filename="$USER_HOME$/shuup/daycare-owl-marketplace/venv/lib/python3.8/site-packages/shuup/admin/modules/suppliers/views/delete.py" />
      <jump line="31" column="35" filename="$USER_HOME$/shuup/daycare-owl-marketplace/venv/lib/python3.8/site-packages/django/views/generic/detail.py" />
      <jump line="151" column="27" filename="$USER_HOME$/shuup/daycare-owl-marketplace/shuup-packages/shuup-multivendor/shuup_multivendor/admin_module/views/approve.py" />
      <jump line="17" column="31" filename="$USER_HOME$/shuup/daycare-owl-marketplace/venv/lib/python3.8/site-packages/shuup/admin/modules/suppliers/views/delete.py" />
      <jump line="90" column="21" filename="$USER_HOME$/shuup/daycare-owl-marketplace/shuup-packages/shuup-multivendor/shuup_multivendor/admin_module/views/vendor.py" />
      <jump line="149" column="21" filename="$USER_HOME$/shuup/daycare-owl-marketplace/shuup-packages/shuup-multivendor/shuup_multivendor/admin_module/views/vendor.py" />
      <jump line="219" column="25" filename="$USER_HOME$/shuup/daycare-owl-marketplace/shuup-packages/shuup-multivendor/shuup_multivendor/admin_module/views/vendor.py" />
      <jump line="249" column="33" filename="$USER_HOME$/shuup/daycare-owl-marketplace/venv/lib/python3.8/site-packages/shuup/admin/toolbar.py" />
      <jump line="226" column="30" filename="$USER_HOME$/shuup/daycare-owl-marketplace/venv/lib/python3.8/site-packages/shuup/admin/toolbar.py" />
      <jump line="165" column="20" filename="$USER_HOME$/shuup/daycare-owl-marketplace/shuup-packages/shuup-multivendor/shuup_multivendor/admin_module/views/vendor.py" />
      <jump line="131" column="39" filename="$USER_HOME$/shuup/daycare-owl-marketplace/venv/lib/python3.8/site-packages/shuup/admin/toolbar.py" />
      <jump line="95" column="26" filename="$USER_HOME$/shuup/daycare-owl-marketplace/venv/lib/python3.8/site-packages/shuup/admin/toolbar.py" />
      <jump line="105" column="8" filename="$USER_HOME$/shuup/daycare-owl-marketplace/venv/lib/python3.8/site-packages/shuup/admin/toolbar.py" />
      <jump line="166" column="22" filename="$USER_HOME$/shuup/daycare-owl-marketplace/shuup-packages/shuup-multivendor/shuup_multivendor/admin_module/views/vendor.py" />
      <jump line="100" column="32" filename="$USER_HOME$/shuup/daycare-owl-marketplace/venv/lib/python3.8/site-packages/shuup/admin/toolbar.py" />
      <jump line="155" column="33" filename="$USER_HOME$/shuup/daycare-owl-marketplace/shuup-packages/shuup-multivendor/shuup_multivendor/admin_module/views/approve.py" />
      <jump line="140" column="21" filename="$USER_HOME$/shuup/daycare-owl-marketplace/shuup-packages/shuup-multivendor/shuup_multivendor/admin_module/views/approve.py" />
      <jump line="0" column="0" filename="$USER_HOME$/shuup/daycare-owl-marketplace/shuup-packages/shuup-multivendor/shuup_multivendor/plugins/top_vendors.py" />
      <jump line="33" column="25" filename="$USER_HOME$/shuup/daycare-owl-marketplace/app/daycare-owl-admin/daycare_owl_admin/package.json" />
      <jump line="17" column="9" filename="$USER_HOME$/shuup/daycare-owl-marketplace/app/daycare-owl/daycare_owl/templates/shuup_multivendor/admin/vendor/macros.jinja" />
      <jump line="5" column="19" filename="$USER_HOME$/shuup/daycare-owl-marketplace/app/daycare-owl/daycare_owl/templates/shuup_multivendor/admin/vendor/_edit_opening_periods_form.jinja" />
      <jump line="5" column="28" filename="$USER_HOME$/shuup/daycare-owl-marketplace/app/daycare-owl/daycare_owl/templates/shuup_multivendor/admin/vendor/macros.jinja" />
      <jump line="63" column="39" filename="$USER_HOME$/shuup/daycare-owl-marketplace/app/daycare-owl/daycare_owl/templates/shuup_multivendor/admin/vendor/macros.jinja" />
      <jump line="66" column="15" filename="$USER_HOME$/shuup/daycare-owl-marketplace/app/daycare-owl/daycare_owl/templates/shuup_multivendor/admin/vendor/macros.jinja" />
      <jump line="62" column="75" filename="$USER_HOME$/shuup/daycare-owl-marketplace/app/daycare-owl/daycare_owl/templates/shuup_multivendor/admin/vendor/macros.jinja" />
      <jump line="64" column="15" filename="$USER_HOME$/shuup/daycare-owl-marketplace/app/daycare-owl/daycare_owl/templates/shuup_multivendor/admin/vendor/macros.jinja" />
      <jump line="74" column="15" filename="$USER_HOME$/shuup/daycare-owl-marketplace/app/daycare-owl/daycare_owl/templates/shuup_multivendor/admin/vendor/macros.jinja" />
      <jump line="87" column="15" filename="$USER_HOME$/shuup/daycare-owl-marketplace/app/daycare-owl/daycare_owl/templates/shuup_multivendor/admin/vendor/macros.jinja" />
      <jump line="90" column="27" filename="$USER_HOME$/shuup/daycare-owl-marketplace/app/daycare-owl/daycare_owl/templates/shuup_multivendor/admin/vendor/macros.jinja" />
      <jump line="25" column="71" filename="$USER_HOME$/shuup/daycare-owl-marketplace/app/daycare-owl/daycare_owl/templates/shuup_multivendor/admin/vendor/macros.jinja" />
      <jump line="76" column="15" filename="$USER_HOME$/shuup/daycare-owl-marketplace/app/daycare-owl/daycare_owl/templates/shuup_multivendor/admin/vendor/macros.jinja" />
      <jump line="79" column="15" filename="$USER_HOME$/shuup/daycare-owl-marketplace/app/daycare-owl/daycare_owl/templates/shuup_multivendor/admin/vendor/macros.jinja" />
      <jump line="78" column="91" filename="$USER_HOME$/shuup/daycare-owl-marketplace/app/daycare-owl/daycare_owl/templates/shuup_multivendor/admin/vendor/macros.jinja" />
      <jump line="80" column="44" filename="$USER_HOME$/shuup/daycare-owl-marketplace/app/daycare-owl/daycare_owl/templates/shuup_multivendor/admin/vendor/macros.jinja" />
      <jump line="85" column="34" filename="$USER_HOME$/shuup/daycare-owl-marketplace/app/daycare-owl/daycare_owl/templates/shuup_multivendor/admin/vendor/macros.jinja" />
      <jump line="86" column="34" filename="$USER_HOME$/shuup/daycare-owl-marketplace/app/daycare-owl/daycare_owl/templates/shuup_multivendor/admin/vendor/macros.jinja" />
      <jump line="88" column="83" filename="$USER_HOME$/shuup/daycare-owl-marketplace/app/daycare-owl/daycare_owl/templates/shuup_multivendor/admin/vendor/macros.jinja" />
      <jump line="29" column="39" filename="$USER_HOME$/shuup/daycare-owl-marketplace/app/daycare-owl/daycare_owl/templates/shuup_multivendor/admin/vendor/macros.jinja" />
      <jump line="60" column="29" filename="$USER_HOME$/shuup/daycare-owl-marketplace/app/daycare-owl/daycare_owl/templates/shuup_multivendor/admin/vendor/macros.jinja" />
      <jump line="42" column="41" filename="$USER_HOME$/shuup/daycare-owl-marketplace/app/daycare-owl/daycare_owl/templates/shuup_multivendor/admin/vendor/macros.jinja" />
      <jump line="3" column="20" filename="$USER_HOME$/shuup/daycare-owl-marketplace/app/daycare-owl/daycare_owl/templates/shuup_multivendor/admin/vendor/macros.jinja" />
      <jump line="82" column="83" filename="$USER_HOME$/shuup/daycare-owl-marketplace/app/daycare-owl/daycare_owl/templates/shuup_multivendor/admin/vendor/macros.jinja" />
      <jump line="83" column="66" filename="$USER_HOME$/shuup/daycare-owl-marketplace/app/daycare-owl/daycare_owl/templates/shuup_multivendor/admin/vendor/macros.jinja" />
      <jump line="84" column="64" filename="$USER_HOME$/shuup/daycare-owl-marketplace/app/daycare-owl/daycare_owl/templates/shuup_multivendor/admin/vendor/macros.jinja" />
      <jump line="61" column="15" filename="$USER_HOME$/shuup/daycare-owl-marketplace/app/daycare-owl/daycare_owl/templates/shuup_multivendor/admin/vendor/macros.jinja" />
      <jump line="81" column="12" filename="$USER_HOME$/shuup/daycare-owl-marketplace/app/daycare-owl/daycare_owl/templates/shuup_multivendor/admin/vendor/macros.jinja" />
      <jump line="72" column="15" filename="$USER_HOME$/shuup/daycare-owl-marketplace/app/daycare-owl/daycare_owl/templates/shuup_multivendor/admin/vendor/macros.jinja" />
      <jump line="68" column="17" filename="$USER_HOME$/shuup/daycare-owl-marketplace/app/daycare-owl/daycare_owl/templates/shuup_multivendor/admin/vendor/macros.jinja" />
      <jump line="75" column="15" filename="$USER_HOME$/shuup/daycare-owl-marketplace/app/daycare-owl/daycare_owl/templates/shuup_multivendor/admin/vendor/macros.jinja" />
      <jump line="77" column="75" filename="$USER_HOME$/shuup/daycare-owl-marketplace/app/daycare-owl/daycare_owl/templates/shuup_multivendor/admin/vendor/macros.jinja" />
      <jump line="67" column="15" filename="$USER_HOME$/shuup/daycare-owl-marketplace/app/daycare-owl/daycare_owl/templates/shuup_multivendor/admin/vendor/macros.jinja" />
      <jump line="65" column="15" filename="$USER_HOME$/shuup/daycare-owl-marketplace/app/daycare-owl/daycare_owl/templates/shuup_multivendor/admin/vendor/macros.jinja" />
      <jump line="73" column="16" filename="$USER_HOME$/shuup/daycare-owl-marketplace/app/daycare-owl/daycare_owl/templates/shuup_multivendor/admin/vendor/macros.jinja" />
      <jump line="55" column="84" filename="$USER_HOME$/shuup/daycare-owl-marketplace/app/daycare-owl/daycare_owl/templates/shuup_multivendor/admin/vendor/macros.jinja" />
    </jumps>
  </component>
  <component name="VimRegisterSettings">
    <registers>
      <register name="&quot;" type="4">
        <text />
      </register>
      <register name="*" type="2">
        <text encoding="base64">ICAgICAgICAgICAgJCgiLm9wZW5pbmctcGVyaW9kcyAucGVyaW9kLXJvdyAuYnRuLWNvcHkiKS5yZW1vdmVDbGFzcygiYWN0aXZlIik7Cg==</text>
      </register>
      <register name="-" type="4">
        <text>&quot;).eq(i).after(newRow);</text>
      </register>
      <register name="/" type="4">
        <text>select</text>
      </register>
      <register name="0" type="4">
        <text>$(&quot;.opening-periods .period-row .btn-copy&quot;)</text>
      </register>
      <register name="1" type="2">
        <text encoding="base64">ICAgICAgICAgICAgJCgiLm9wZW5pbmctcGVyaW9kcyAucGVyaW9kLXJvdyAuYnRuLWNvcHkiKS5yZW1vdmVDbGFzcygiYWN0aXZlIik7Cg==</text>
      </register>
      <register name="q" type="4">
        <text>#}</text>
      </register>
      <register name="2" type="2">
        <text encoding="base64">ICAgICAgICAgICAgICAgICQoIi5vcGVuaW5nLXBlcmlvZHMgdGFibGUgdGJvZHkgdHI6bGFzdCAuYnRuLWNvcHkiKS5hZGRDbGFzcygiYWN0aXZlIik7Cg==</text>
      </register>
      <register name="3" type="2">
        <text encoding="base64">ICAgICAgICAgICAgICAgICQoIi5vcGVuaW5nLXBlcmlvZHMgdGFibGUgdGJvZHkgdHIgLmJ0bi1jb3B5IikucmVtb3ZlQ2xhc3MoImFjdGl2ZSIpOwo=</text>
      </register>
      <register name="4" type="2">
        <text encoding="base64">ICAgICAgICAgICAgICAgICQoIi5vcGVuaW5nLXBlcmlvZHMgdGFibGUgdGJvZHkgdHI6bGFzdCAuYnRuLWNvcHkiKS5hZGRDbGFzcygiYWN0aXZlIik7Cg==</text>
      </register>
      <register name="5" type="2">
        <text encoding="base64">Cg==</text>
      </register>
      <register name="6" type="2">
        <text encoding="base64">ICAgICAgICAgICAgCg==</text>
      </register>
      <register name="7" type="2">
        <text encoding="base64">Cg==</text>
      </register>
      <register name="8" type="2">
        <text encoding="base64">ICAgICAgICAgICAgICAgICAgICAgICAgY29uc29sZS5sb2coImhlcmUiKTsKICAgICAgICAgICAgICAgICAgICAgICAgY29uc29sZS5sb2coaW5kZXgpOwogICAgICAgICAgICAgICAgICAgICAgICBjb25zb2xlLmxvZyh0eXBlb2YgaW5kZXgpOwo=</text>
      </register>
      <register name="9" type="2">
        <text encoding="base64">ICAgICAgICAgICAgICAgIGNvbnNvbGUubG9nKCgiLm9wZW5pbmctcGVyaW9kcyB0YWJsZSB0Ym9keSIpLnJvd3MpOwogICAgICAgICAgICAgICAgY29uc29sZS5sb2coaSk7Cg==</text>
      </register>
      <register name=":" type="4">
        <text>noh</text>
      </register>
    </registers>
  </component>
  <component name="VimSearchSettings">
    <search>
      <last-search>select</last-search>
      <last-offset />
      <last-pattern>select</last-pattern>
      <last-dir>1</last-dir>
      <show-last>false</show-last>
    </search>
  </component>
  <component name="VimSettings">
    <state version="6" enabled="true" />
    <notifications>
      <idea-join enabled="false" />
      <idea-put enabled="false" />
    </notifications>
  </component>
</application>