<application>
  <component name="VimEditorSettings">
    <editor>
      <key-repeat enabled="true" />
    </editor>
  </component>
  <component name="VimHistorySettings">
    <history>
      <history-search>
        <entry>User</entry>
        <entry encoding="base64">XDxWb3RlT2JqZWN0VHlwZVw+</entry>
        <entry encoding="base64">XDx0eXBlXD4=</entry>
        <entry encoding="base64">XDxzZW5kX21haWxcPg==</entry>
        <entry encoding="base64">aWYg</entry>
        <entry>engineer</entry>
        <entry>blank</entry>
        <entry>DeleteResourceForm</entry>
        <entry>CreateResourceForm</entry>
        <entry encoding="base64">XDxPYmplY3REb2VzTm90RXhpc3RcPg==</entry>
        <entry>ObjectDoesNotExist</entry>
        <entry>CharField</entry>
        <entry>subject</entry>
        <entry>name</entry>
        <entry>email</entry>
        <entry>message</entry>
        <entry>forms</entry>
        <entry>&quot;</entry>
        <entry>(&quot;</entry>
        <entry>urllib</entry>
      </history-search>
      <history-cmd>
        <entry>action ShowNavBar</entry>
        <entry>action ToggleLineBreakpoint</entry>
        <entry>action GotoFile</entry>
        <entry>action ManageRecentProjects</entry>
        <entry>action KJumpAction</entry>
        <entry>action Forward</entry>
        <entry>action Back</entry>
        <entry>action ExportSettings</entry>
        <entry>actionlist import</entry>
        <entry>actionlist complete</entry>
        <entry>actionlist auto</entry>
        <entry>actionlist options</entry>
        <entry>actionlist basic</entry>
        <entry>actionlist code</entry>
        <entry>w</entry>
        <entry>source ~/.ideavimrc</entry>
        <entry>action GotoAction</entry>
        <entry>action ActivatePythonConsoleToolWindow</entry>
        <entry>action CodeCompletion</entry>
        <entry>noh</entry>
      </history-cmd>
      <history-expr />
      <history-input />
    </history>
  </component>
  <component name="VimKeySettings">
    <shortcut-conflicts>
      <shortcut-conflict owner="vim">
        <text>ctrl pressed 2</text>
      </shortcut-conflict>
      <shortcut-conflict owner="vim">
        <text>ctrl pressed 5</text>
      </shortcut-conflict>
      <shortcut-conflict owner="vim">
        <text>ctrl pressed 3</text>
      </shortcut-conflict>
      <shortcut-conflict owner="vim">
        <text>ctrl pressed J</text>
      </shortcut-conflict>
      <shortcut-conflict owner="vim">
        <text>ctrl pressed O</text>
      </shortcut-conflict>
      <shortcut-conflict owner="vim">
        <text>ctrl pressed V</text>
      </shortcut-conflict>
      <shortcut-conflict owner="vim">
        <text>ctrl pressed N</text>
      </shortcut-conflict>
      <shortcut-conflict owner="vim">
        <text>pressed F12</text>
      </shortcut-conflict>
      <shortcut-conflict owner="vim">
        <text>ctrl pressed P</text>
      </shortcut-conflict>
      <shortcut-conflict owner="ide">
        <text>ctrl pressed C</text>
      </shortcut-conflict>
      <shortcut-conflict owner="vim">
        <text>ctrl pressed 6</text>
      </shortcut-conflict>
      <shortcut-conflict owner="ide">
        <text>ctrl pressed L</text>
      </shortcut-conflict>
      <shortcut-conflict owner="vim">
        <text>ctrl pressed H</text>
      </shortcut-conflict>
      <shortcut-conflict owner="vim">
        <text>ctrl pressed 4</text>
      </shortcut-conflict>
      <shortcut-conflict owner="vim">
        <text>ctrl pressed E</text>
      </shortcut-conflict>
      <shortcut-conflict owner="vim">
        <text>ctrl pressed D</text>
      </shortcut-conflict>
      <shortcut-conflict owner="vim">
        <text>ctrl pressed K</text>
      </shortcut-conflict>
      <shortcut-conflict owner="vim">
        <text>ctrl pressed R</text>
      </shortcut-conflict>
      <shortcut-conflict owner="vim">
        <text>ctrl pressed 7</text>
      </shortcut-conflict>
      <shortcut-conflict owner="vim">
        <text>ctrl pressed I</text>
      </shortcut-conflict>
      <shortcut-conflict owner="vim">
        <text>shift pressed ENTER</text>
      </shortcut-conflict>
      <shortcut-conflict owner="vim">
        <text>ctrl pressed G</text>
      </shortcut-conflict>
      <shortcut-conflict owner="vim">
        <text>ctrl pressed F</text>
      </shortcut-conflict>
      <shortcut-conflict owner="vim">
        <text>ctrl pressed 0</text>
      </shortcut-conflict>
      <shortcut-conflict owner="vim">
        <text>ctrl pressed A</text>
      </shortcut-conflict>
    </shortcut-conflicts>
  </component>
  <component name="VimMarksSettings">
    <globalmarks />
    <filemarks>
      <file name="/Python Console" timestamp="1589022883161">
        <mark key="[" line="0" column="0" />
      </file>
      <file name="/fragment.py" timestamp="1589019894629">
        <mark key="[" line="0" column="36" />
      </file>
      <file name="$USER_HOME$/skole/backend/skole/forms/resource.py" timestamp="1589021982031">
        <mark key="'" line="0" column="0" />
        <mark key="[" line="24" column="17" />
        <mark key="]" line="24" column="34" />
      </file>
      <file name="$USER_HOME$/skole/backend/config/settings.py" timestamp="1589026801596">
        <mark key="q" line="31" column="0" />
        <mark key="[" line="32" column="0" />
        <mark key="]" line="32" column="0" />
        <mark key="." line="32" column="0" />
        <mark key="o" line="23" column="8" />
      </file>
      <file name="$USER_HOME$/skole/backend/skole/templates/email/contact-email.html" timestamp="1588538161034">
        <mark key="'" line="2" column="0" />
      </file>
      <file name="/a.dummy" timestamp="1588619541482">
        <mark key="[" line="0" column="1" />
      </file>
      <file name="/GraphQL.result.json" timestamp="1589026557392">
        <mark key="[" line="0" column="0" />
      </file>
      <file name="$USER_HOME$/skole/backend/skole/forms/contact.py" timestamp="1589022618523">
        <mark key="a" line="7" column="15" />
        <mark key="'" line="0" column="0" />
        <mark key="[" line="7" column="14" />
        <mark key="]" line="7" column="18" />
        <mark key="o" line="7" column="14" />
      </file>
      <file name="$USER_HOME$/skole/backend/skole/templates/email/verify-account-email.html" timestamp="1588538196372">
        <mark key="'" line="6" column="0" />
      </file>
      <file name="$USER_HOME$/skole/backend/skole/fixtures/initial-subjects.yaml" timestamp="1588618375356">
        <mark key="'" line="18" column="32" />
        <mark key="[" line="238" column="27" />
        <mark key="]" line="238" column="30" />
        <mark key="." line="238" column="29" />
        <mark key="^" line="238" column="30" />
      </file>
      <file name="$USER_HOME$/skole/backend/skole/schemas/user.py" timestamp="1589022009625">
        <mark key="'" line="0" column="0" />
        <mark key="[" line="305" column="15" />
        <mark key="]" line="305" column="32" />
        <mark key="." line="431" column="0" />
      </file>
      <file name="$USER_HOME$/Library/Caches/JetBrains/PyCharm2020.1/remote_sources/-810035644/454722220/django/db/models/fields/files.py" timestamp="1588620312263">
        <mark key="'" line="211" column="18" />
      </file>
      <file name="$USER_HOME$/Library/Caches/JetBrains/PyCharm2020.1/remote_sources/-810035644/454722220/django/contrib/sites/shortcuts.py" timestamp="1588624002958">
        <mark key="'" line="12" column="17" />
      </file>
      <file name="$USER_HOME$/skole/backend/README.md" timestamp="1588520627031">
        <mark key="'" line="0" column="0" />
        <mark key="[" line="1" column="0" />
        <mark key="]" line="1" column="0" />
        <mark key="." line="1" column="0" />
      </file>
      <file name="$USER_HOME$/skole/backend/skole/models/blacklisted_email.py" timestamp="1588695273947">
        <mark key="q" line="4" column="33" />
        <mark key="'" line="6" column="41" />
        <mark key="[" line="4" column="76" />
        <mark key="]" line="4" column="76" />
        <mark key="." line="4" column="76" />
        <mark key="^" line="4" column="77" />
      </file>
      <file name="/Django Console" timestamp="1589026967883">
        <mark key="[" line="0" column="0" />
        <mark key="]" line="0" column="0" />
        <mark key="." line="0" column="0" />
      </file>
      <file name="$USER_HOME$/skole/backend/skole/models/user.py" timestamp="1589022086830">
        <mark key="q" line="124" column="14" />
        <mark key="'" line="23" column="0" />
        <mark key="[" line="114" column="0" />
        <mark key="]" line="116" column="5" />
        <mark key="." line="125" column="0" />
      </file>
      <file name="$USER_HOME$/skole/backend/skole/models/vote.py" timestamp="1588695187627">
        <mark key="'" line="59" column="6" />
      </file>
      <file name="$USER_HOME$/skole/backend/skole/schemas/contact.py" timestamp="1588619654215">
        <mark key="'" line="51" column="47" />
        <mark key="[" line="45" column="41" />
        <mark key="]" line="45" column="62" />
        <mark key="." line="45" column="61" />
        <mark key="^" line="45" column="62" />
      </file>
      <file name="$USER_HOME$/skole/README.md" timestamp="1588526164465">
        <mark key="q" line="20" column="52" />
        <mark key="'" line="14" column="18" />
        <mark key="[" line="52" column="6" />
        <mark key="]" line="52" column="7" />
        <mark key="^" line="52" column="7" />
        <mark key="." line="52" column="6" />
      </file>
    </filemarks>
    <jumps>
      <jump line="17" column="0" filename="$USER_HOME$/skole/README.md" />
      <jump line="24" column="10" filename="$USER_HOME$/skole/README.md" />
      <jump line="14" column="18" filename="$USER_HOME$/skole/README.md" />
      <jump line="206" column="21" filename="$USER_HOME$/skole/backend/skole/models/user.py" />
      <jump line="158" column="8" filename="$USER_HOME$/skole/backend/skole/models/user.py" />
      <jump line="0" column="0" filename="$USER_HOME$/skole/backend/skole/models/user.py" />
      <jump line="8" column="29" filename="$USER_HOME$/skole/backend/skole/models/user.py" />
      <jump line="132" column="4" filename="$USER_HOME$/skole/backend/config/settings.py" />
      <jump line="39" column="22" filename="$USER_HOME$/skole/backend/config/settings.py" />
      <jump line="15" column="24" filename="$USER_HOME$/skole/backend/config/settings.py" />
      <jump line="16" column="0" filename="$USER_HOME$/skole/backend/config/settings.py" />
      <jump line="169" column="15" filename="$USER_HOME$/skole/backend/skole/models/user.py" />
      <jump line="71" column="23" filename="$USER_HOME$/skole/backend/config/settings.py" />
      <jump line="164" column="3" filename="$USER_HOME$/skole/backend/config/settings.py" />
      <jump line="184" column="0" filename="$USER_HOME$/skole/backend/config/settings.py" />
      <jump line="24" column="12" filename="$USER_HOME$/skole/backend/config/settings.py" />
      <jump line="170" column="4" filename="$USER_HOME$/skole/backend/config/settings.py" />
      <jump line="161" column="4" filename="$USER_HOME$/skole/backend/config/settings.py" />
      <jump line="181" column="3" filename="$USER_HOME$/skole/backend/config/settings.py" />
      <jump line="175" column="3" filename="$USER_HOME$/skole/backend/config/settings.py" />
      <jump line="162" column="28" filename="$USER_HOME$/skole/backend/config/settings.py" />
      <jump line="179" column="3" filename="$USER_HOME$/skole/backend/config/settings.py" />
      <jump line="201" column="73" filename="$USER_HOME$/skole/backend/skole/models/user.py" />
      <jump line="160" column="36" filename="$USER_HOME$/skole/backend/skole/schemas/user.py" />
      <jump line="200" column="36" filename="$USER_HOME$/skole/backend/skole/models/user.py" />
      <jump line="171" column="33" filename="$USER_HOME$/skole/backend/skole/models/user.py" />
      <jump line="174" column="33" filename="$USER_HOME$/skole/backend/skole/models/user.py" />
      <jump line="183" column="0" filename="$USER_HOME$/skole/backend/config/settings.py" />
      <jump line="159" column="8" filename="$USER_HOME$/skole/backend/config/settings.py" />
      <jump line="194" column="0" filename="$USER_HOME$/skole/backend/config/settings.py" />
      <jump line="0" column="0" filename="$USER_HOME$/skole/backend/skole/templates/email/contact-email.html" />
      <jump line="2" column="0" filename="$USER_HOME$/skole/backend/skole/templates/email/contact-email.html" />
      <jump line="0" column="0" filename="$USER_HOME$/skole/backend/skole/templates/email/verify-account-email.html" />
      <jump line="6" column="0" filename="$USER_HOME$/skole/backend/skole/templates/email/verify-account-email.html" />
      <jump line="35" column="36" filename="$USER_HOME$/skole/backend/skole/schemas/contact.py" />
      <jump line="0" column="0" filename="$USER_HOME$/skole/backend/skole/schemas/contact.py" />
      <jump line="55" column="4" filename="$USER_HOME$/skole/backend/skole/schemas/contact.py" />
      <jump line="0" column="0" filename="$USER_HOME$/skole/backend/skole/fixtures/initial-subjects.yaml" />
      <jump line="256" column="19" filename="$USER_HOME$/skole/backend/skole/fixtures/initial-subjects.yaml" />
      <jump line="418" column="36" filename="$USER_HOME$/skole/backend/skole/fixtures/initial-subjects.yaml" />
      <jump line="562" column="18" filename="$USER_HOME$/skole/backend/skole/fixtures/initial-subjects.yaml" />
      <jump line="706" column="24" filename="$USER_HOME$/skole/backend/skole/fixtures/initial-subjects.yaml" />
      <jump line="778" column="21" filename="$USER_HOME$/skole/backend/skole/fixtures/initial-subjects.yaml" />
      <jump line="22" column="23" filename="$USER_HOME$/skole/backend/skole/fixtures/initial-subjects.yaml" />
      <jump line="34" column="23" filename="$USER_HOME$/skole/backend/skole/fixtures/initial-subjects.yaml" />
      <jump line="238" column="19" filename="$USER_HOME$/skole/backend/skole/fixtures/initial-subjects.yaml" />
      <jump line="18" column="32" filename="$USER_HOME$/skole/backend/skole/fixtures/initial-subjects.yaml" />
      <jump line="191" column="0" filename="$USER_HOME$/skole/backend/config/settings.py" />
      <jump line="186" column="50" filename="$USER_HOME$/skole/backend/config/settings.py" />
      <jump line="51" column="47" filename="$USER_HOME$/skole/backend/skole/schemas/contact.py" />
      <jump line="125" column="7" filename="$USER_HOME$/skole/backend/skole/models/user.py" />
      <jump line="121" column="21" filename="$USER_HOME$/skole/backend/skole/models/user.py" />
      <jump line="356" column="21" filename="$USER_HOME$/Library/Caches/JetBrains/PyCharm2020.1/remote_sources/-810035644/454722220/django/db/models/fields/files.py" />
      <jump line="211" column="18" filename="$USER_HOME$/Library/Caches/JetBrains/PyCharm2020.1/remote_sources/-810035644/454722220/django/db/models/fields/files.py" />
      <jump line="228" column="37" filename="$USER_HOME$/skole/backend/skole/models/user.py" />
      <jump line="183" column="24" filename="$USER_HOME$/skole/backend/skole/models/user.py" />
      <jump line="12" column="17" filename="$USER_HOME$/Library/Caches/JetBrains/PyCharm2020.1/remote_sources/-810035644/454722220/django/contrib/sites/shortcuts.py" />
      <jump line="192" column="44" filename="$USER_HOME$/skole/backend/skole/models/user.py" />
      <jump line="195" column="10" filename="$USER_HOME$/skole/backend/config/settings.py" />
      <jump line="18" column="43" filename="$USER_HOME$/skole/backend/config/settings.py" />
      <jump line="0" column="34" filename="$USER_HOME$/skole/backend/skole/models/blacklisted_email.py" />
      <jump line="59" column="6" filename="$USER_HOME$/skole/backend/skole/models/vote.py" />
      <jump line="3" column="25" filename="$USER_HOME$/skole/backend/skole/models/blacklisted_email.py" />
      <jump line="5" column="3" filename="$USER_HOME$/skole/backend/skole/models/blacklisted_email.py" />
      <jump line="6" column="41" filename="$USER_HOME$/skole/backend/skole/models/blacklisted_email.py" />
      <jump line="26" column="14" filename="$USER_HOME$/skole/backend/config/settings.py" />
      <jump line="177" column="0" filename="$USER_HOME$/skole/backend/config/settings.py" />
      <jump line="178" column="0" filename="$USER_HOME$/skole/backend/config/settings.py" />
      <jump line="5" column="0" filename="$USER_HOME$/skole/backend/config/settings.py" />
      <jump line="11" column="8" filename="$USER_HOME$/skole/backend/skole/forms/resource.py" />
      <jump line="19" column="31" filename="$USER_HOME$/skole/backend/skole/forms/resource.py" />
      <jump line="9" column="0" filename="$USER_HOME$/skole/backend/skole/forms/resource.py" />
      <jump line="23" column="0" filename="$USER_HOME$/skole/backend/skole/forms/resource.py" />
      <jump line="29" column="8" filename="$USER_HOME$/skole/backend/skole/forms/resource.py" />
      <jump line="292" column="19" filename="$USER_HOME$/skole/backend/skole/schemas/user.py" />
      <jump line="256" column="15" filename="$USER_HOME$/skole/backend/skole/schemas/user.py" />
      <jump line="471" column="4" filename="$USER_HOME$/skole/backend/skole/schemas/user.py" />
      <jump line="27" column="6" filename="$USER_HOME$/skole/backend/skole/forms/resource.py" />
      <jump line="24" column="17" filename="$USER_HOME$/skole/backend/skole/forms/resource.py" />
      <jump line="0" column="0" filename="$USER_HOME$/skole/backend/skole/forms/resource.py" />
      <jump line="253" column="15" filename="$USER_HOME$/skole/backend/skole/schemas/user.py" />
      <jump line="220" column="15" filename="$USER_HOME$/skole/backend/skole/schemas/user.py" />
      <jump line="305" column="15" filename="$USER_HOME$/skole/backend/skole/schemas/user.py" />
      <jump line="6" column="35" filename="$USER_HOME$/skole/backend/skole/schemas/user.py" />
      <jump line="0" column="0" filename="$USER_HOME$/skole/backend/skole/schemas/user.py" />
      <jump line="10" column="35" filename="$USER_HOME$/skole/backend/skole/schemas/user.py" />
      <jump line="23" column="0" filename="$USER_HOME$/skole/backend/skole/models/user.py" />
      <jump line="360" column="6" filename="$USER_HOME$/skole/backend/skole/schemas/user.py" />
      <jump line="5" column="4" filename="$USER_HOME$/skole/backend/skole/forms/contact.py" />
      <jump line="1" column="0" filename="$USER_HOME$/skole/backend/skole/forms/contact.py" />
      <jump line="6" column="0" filename="$USER_HOME$/skole/backend/skole/forms/contact.py" />
      <jump line="4" column="4" filename="$USER_HOME$/skole/backend/skole/forms/contact.py" />
      <jump line="7" column="14" filename="$USER_HOME$/skole/backend/skole/forms/contact.py" />
      <jump line="0" column="0" filename="$USER_HOME$/skole/backend/skole/forms/contact.py" />
      <jump line="14" column="27" filename="$USER_HOME$/skole/backend/config/settings.py" />
      <jump line="11" column="42" filename="$USER_HOME$/skole/backend/config/settings.py" />
      <jump line="23" column="8" filename="$USER_HOME$/skole/backend/config/settings.py" />
      <jump line="0" column="0" filename="$USER_HOME$/skole/backend/config/settings.py" />
      <jump line="1" column="7" filename="$USER_HOME$/skole/backend/config/settings.py" />
      <jump line="32" column="0" filename="$USER_HOME$/skole/backend/config/settings.py" />
    </jumps>
  </component>
  <component name="VimRegisterSettings">
    <registers>
      <register name="&quot;" type="4">
        <text />
      </register>
      <register name="*" type="2">
        <text encoding="base64">Cg==</text>
      </register>
      <register name="j" type="4">
        <text>class</text>
      </register>
      <register name="k" type="4">
        <text>kkk</text>
      </register>
      <register name="-" type="4">
        <text>&quot;&quot;</text>
      </register>
      <register name="/" type="4">
        <text>urllib</text>
      </register>
      <register name="0" type="4">
        <text>smtp.gmail.com</text>
      </register>
      <register name="1" type="2">
        <text encoding="base64">Cg==</text>
      </register>
      <register name="q" type="4">
        <text>urllib</text>
      </register>
      <register name="2" type="2">
        <text encoding="base64">MTIzCg==</text>
      </register>
      <register name="3" type="2">
        <text encoding="base64">Cg==</text>
      </register>
      <register name="4" type="2">
        <text encoding="base64">ICAgIGVtYWlsID0KCg==</text>
      </register>
      <register name="5" type="2">
        <text encoding="base64">ZnJvbSBkamFuZ28uY29udHJpYi5zaXRlcy5tb2RlbHMgaW1wb3J0IFNpdGUK</text>
      </register>
      <register name="6" type="2">
        <text encoding="base64">ICAgICAgICAK</text>
      </register>
      <register name="7" type="2">
        <text encoding="base64">ICAgICAgICBibGFuaz1UcnVlLAo=</text>
      </register>
      <register name="8" type="2">
        <text encoding="base64">Cg==</text>
      </register>
      <register name="9" type="2">
        <text encoding="base64">RU1BSUxfQVVUSF9GUk9NID0gb3MuZW52aXJvbi5nZXQoIkVNQUlMX0FVVEhfRlJPTSIpCkVNQUlMX0NPTlRBQ1RfVE8gPSBvcy5lbnZpcm9uLmdldCgiRU1BSUxfQ09OVEFDVF9UTyIpCg==</text>
      </register>
      <register name=":" type="4">
        <text>noh</text>
      </register>
    </registers>
  </component>
  <component name="VimSearchSettings">
    <search>
      <last-search>urllib</last-search>
      <last-offset />
      <last-pattern>urllib</last-pattern>
      <last-replace>,\r</last-replace>
      <last-substitute>, *\($\)\@!</last-substitute>
      <last-dir>1</last-dir>
      <show-last>false</show-last>
    </search>
  </component>
  <component name="VimSettings">
    <state version="6" enabled="true" />
    <notifications>
      <idea-join enabled="false" />
      <idea-put enabled="false" />
    </notifications>
  </component>
</application>