<application>
  <component name="VimEditorSettings">
    <editor>
      <key-repeat enabled="true" />
    </editor>
  </component>
  <component name="VimHistorySettings">
    <history>
      <history-search>
        <entry>avatar:</entry>
        <entry>, *\($\)\@!</entry>
        <entry>core.School</entry>
        <entry>media</entry>
        <entry>user_</entry>
        <entry>GRAPH</entry>
        <entry>GRAP</entry>
        <entry>'''</entry>
        <entry>Chan</entry>
        <entry>changePa</entry>
        <entry>Delte</entry>
        <entry encoding="base64">XDxEZWxldGVVc2VyTXV0YXRpb25JbnB1dFw+</entry>
        <entry>deleteUs</entry>
        <entry>get_user_model()</entry>
        <entry encoding="base64">XDxzaG91bGRfZXJyb3JcPg==</entry>
        <entry encoding="base64">XDx1c2VyX2ZpZWxkc1w+</entry>
        <entry>core.Co</entry>
        <entry>core.Comment</entry>
        <entry>.jpg</entry>
        <entry>sample</entry>
      </history-search>
      <history-cmd>
        <entry>action KJumpAction</entry>
        <entry>action Forward</entry>
        <entry>action QuickJavaDoc</entry>
        <entry>action RunClass</entry>
        <entry>action DebugClass</entry>
        <entry>action GotoClass</entry>
        <entry>action Debug</entry>
        <entry>action GotoSymbol</entry>
        <entry>action GotoSuperMethod</entry>
        <entry>action Back</entry>
        <entry>action GotoFile</entry>
        <entry>action ActivateTerminalToolWindow</entry>
        <entry>action FindInPath</entry>
        <entry>action ToggleLineBreakpoint</entry>
        <entry>action GotoAction</entry>
        <entry>action Run</entry>
        <entry>noh</entry>
        <entry>action ActivateProjectToolWindow</entry>
        <entry>action MarkNotificationsAsRead</entry>
        <entry>action ChooseRunConfiguration</entry>
      </history-cmd>
      <history-expr />
      <history-input />
    </history>
  </component>
  <component name="VimKeySettings">
    <shortcut-conflicts>
      <shortcut-conflict owner="vim">
        <text>ctrl pressed 2</text>
      </shortcut-conflict>
      <shortcut-conflict owner="vim">
        <text>ctrl pressed 5</text>
      </shortcut-conflict>
      <shortcut-conflict owner="vim">
        <text>ctrl pressed 3</text>
      </shortcut-conflict>
      <shortcut-conflict owner="vim">
        <text>ctrl pressed J</text>
      </shortcut-conflict>
      <shortcut-conflict owner="vim">
        <text>ctrl pressed O</text>
      </shortcut-conflict>
      <shortcut-conflict owner="vim">
        <text>ctrl pressed V</text>
      </shortcut-conflict>
      <shortcut-conflict owner="vim">
        <text>ctrl pressed N</text>
      </shortcut-conflict>
      <shortcut-conflict owner="vim">
        <text>pressed F12</text>
      </shortcut-conflict>
      <shortcut-conflict owner="vim">
        <text>ctrl pressed P</text>
      </shortcut-conflict>
      <shortcut-conflict owner="ide">
        <text>ctrl pressed C</text>
      </shortcut-conflict>
      <shortcut-conflict owner="vim">
        <text>ctrl pressed 6</text>
      </shortcut-conflict>
      <shortcut-conflict owner="ide">
        <text>ctrl pressed L</text>
      </shortcut-conflict>
      <shortcut-conflict owner="vim">
        <text>ctrl pressed H</text>
      </shortcut-conflict>
      <shortcut-conflict owner="vim">
        <text>ctrl pressed 4</text>
      </shortcut-conflict>
      <shortcut-conflict owner="vim">
        <text>ctrl pressed E</text>
      </shortcut-conflict>
      <shortcut-conflict owner="vim">
        <text>ctrl pressed D</text>
      </shortcut-conflict>
      <shortcut-conflict owner="vim">
        <text>ctrl pressed K</text>
      </shortcut-conflict>
      <shortcut-conflict owner="vim">
        <text>ctrl pressed R</text>
      </shortcut-conflict>
      <shortcut-conflict owner="vim">
        <text>ctrl pressed 7</text>
      </shortcut-conflict>
      <shortcut-conflict owner="vim">
        <text>ctrl pressed I</text>
      </shortcut-conflict>
      <shortcut-conflict owner="vim">
        <text>shift pressed ENTER</text>
      </shortcut-conflict>
      <shortcut-conflict owner="vim">
        <text>ctrl pressed G</text>
      </shortcut-conflict>
    </shortcut-conflicts>
  </component>
  <component name="VimMarksSettings">
    <globalmarks />
    <filemarks>
      <file name="/start_script.py" timestamp="1587417038717">
        <mark key="[" line="0" column="0" />
      </file>
      <file name="/Dummy.txt" timestamp="1587419027664">
        <mark key="[" line="0" column="0" />
      </file>
      <file name="/Python Console" timestamp="1587217709517">
        <mark key="[" line="0" column="0" />
      </file>
      <file name="$USER_HOME$/skole/backend/api/utils/messages.py" timestamp="1587070270969">
        <mark key="'" line="3" column="21" />
      </file>
      <file name="$USER_HOME$/skole/backend/api/forms/resource.py" timestamp="1587070337728">
        <mark key="'" line="19" column="35" />
        <mark key="[" line="22" column="18" />
        <mark key="]" line="22" column="18" />
        <mark key="." line="22" column="18" />
        <mark key="^" line="22" column="36" />
      </file>
      <file name="$USER_HOME$/skole/backend/api/schemas/user.py" timestamp="1587217764596">
        <mark key="'" line="162" column="8" />
        <mark key="[" line="202" column="25" />
        <mark key="]" line="202" column="25" />
        <mark key="." line="202" column="25" />
      </file>
      <file name="/a.dummy" timestamp="1587068080994">
        <mark key="[" line="0" column="1" />
      </file>
      <file name="/GraphQL.result.json" timestamp="1587419971789">
        <mark key="[" line="0" column="0" />
      </file>
      <file name="$USER_HOME$/skole/backend/api/forms/comment.py" timestamp="1587216536979">
        <mark key="'" line="27" column="22" />
        <mark key="[" line="28" column="18" />
        <mark key="]" line="28" column="24" />
        <mark key="." line="28" column="23" />
        <mark key="^" line="28" column="24" />
      </file>
      <file name="$USER_HOME$/skole/backend/api/utils/forms.py" timestamp="1587218308404">
        <mark key="[" line="29" column="68" />
        <mark key="]" line="29" column="69" />
        <mark key="." line="29" column="68" />
        <mark key="^" line="29" column="69" />
      </file>
      <file name="$USER_HOME$/Library/Caches/JetBrains/PyCharm2020.1/remote_sources/-810035644/-1617366195/django/forms/models.py" timestamp="1587069573558">
        <mark key="'" line="469" column="18" />
      </file>
      <file name="$USER_HOME$/skole/backend/api/utils/file.py" timestamp="1587218004167">
        <mark key="q" line="15" column="20" />
        <mark key="'" line="17" column="42" />
        <mark key="[" line="17" column="57" />
        <mark key="]" line="17" column="57" />
        <mark key="^" line="17" column="57" />
        <mark key="." line="17" column="56" />
      </file>
      <file name="/" timestamp="1587419714231">
        <mark key="[" line="0" column="0" />
      </file>
      <file name="$USER_HOME$/skole/backend/api/schemas/comment.py" timestamp="1587216766430">
        <mark key="'" line="109" column="21" />
        <mark key="[" line="73" column="19" />
        <mark key="]" line="73" column="36" />
        <mark key="." line="73" column="35" />
        <mark key="^" line="73" column="36" />
      </file>
      <file name="$USER_HOME$/skole/backend/api/schemas/resource.py" timestamp="1587070334204">
        <mark key="'" line="68" column="35" />
        <mark key="[" line="81" column="41" />
        <mark key="]" line="81" column="49" />
        <mark key="." line="81" column="48" />
        <mark key="^" line="81" column="49" />
      </file>
      <file name="$USER_HOME$/skole/backend/tests/api/schemas/test_user.py" timestamp="1587289960343">
        <mark key="q" line="322" column="8" />
        <mark key="'" line="323" column="7" />
        <mark key="[" line="200" column="0" />
        <mark key="]" line="200" column="0" />
        <mark key="." line="200" column="0" />
      </file>
      <file name="$USER_HOME$/skole/backend/core/fixtures/test-data.yaml" timestamp="1587215869413">
        <mark key="'" line="1136" column="4" />
        <mark key="[" line="147" column="0" />
        <mark key="]" line="147" column="13" />
        <mark key="^" line="30" column="13" />
        <mark key="." line="147" column="0" />
      </file>
      <file name="$USER_HOME$/skole/backend/api/forms/user.py" timestamp="1587217629811">
        <mark key="q" line="19" column="4" />
        <mark key="'" line="86" column="55" />
        <mark key="[" line="23" column="28" />
        <mark key="]" line="23" column="36" />
        <mark key="." line="23" column="35" />
        <mark key="^" line="23" column="36" />
      </file>
      <file name="$USER_HOME$/Library/Caches/JetBrains/PyCharm2020.1/remote_sources/-810035644/-1617366195/graphene_django/forms/mutation.py" timestamp="1587216888993">
        <mark key="'" line="168" column="21" />
        <mark key="[" line="58" column="8" />
        <mark key="]" line="58" column="9" />
        <mark key="^" line="58" column="9" />
        <mark key="." line="58" column="8" />
      </file>
      <file name="$USER_HOME$/skole/backend/.gitignore" timestamp="1587067867387">
        <mark key="'" line="2" column="0" />
        <mark key="[" line="148" column="42" />
        <mark key="]" line="148" column="43" />
        <mark key="^" line="148" column="43" />
        <mark key="." line="148" column="42" />
      </file>
    </filemarks>
    <jumps>
      <jump line="196" column="24" filename="$USER_HOME$/skole/backend/tests/api/schemas/test_user.py" />
      <jump line="201" column="23" filename="$USER_HOME$/skole/backend/tests/api/schemas/test_user.py" />
      <jump line="34" column="12" filename="$USER_HOME$/skole/backend/tests/api/schemas/test_school.py" />
      <jump line="46" column="11" filename="$USER_HOME$/skole/backend/tests/api/schemas/test_user.py" />
      <jump line="128" column="32" filename="$USER_HOME$/skole/backend/tests/api/schemas/test_user.py" />
      <jump line="71" column="20" filename="$USER_HOME$/skole/backend/tests/api/schemas/test_user.py" />
      <jump line="69" column="28" filename="$USER_HOME$/skole/backend/tests/api/schemas/test_user.py" />
      <jump line="193" column="24" filename="$USER_HOME$/skole/backend/tests/api/schemas/test_user.py" />
      <jump line="147" column="6" filename="$USER_HOME$/skole/backend/api/schemas/user.py" />
      <jump line="90" column="32" filename="$USER_HOME$/skole/backend/api/schemas/user.py" />
      <jump line="195" column="43" filename="$USER_HOME$/skole/backend/tests/api/schemas/test_user.py" />
      <jump line="107" column="3" filename="$USER_HOME$/skole/backend/tests/test_utils/schema_test_case.py" />
      <jump line="120" column="7" filename="$USER_HOME$/skole/backend/tests/test_utils/schema_test_case.py" />
      <jump line="119" column="7" filename="$USER_HOME$/skole/backend/tests/test_utils/schema_test_case.py" />
      <jump line="108" column="32" filename="$USER_HOME$/skole/backend/tests/test_utils/schema_test_case.py" />
      <jump line="58" column="3" filename="$USER_HOME$/skole/backend/tests/api/schemas/test_school.py" />
      <jump line="178" column="25" filename="$USER_HOME$/skole/backend/tests/api/schemas/test_user.py" />
      <jump line="47" column="33" filename="$USER_HOME$/skole/backend/tests/api/schemas/test_school_type.py" />
      <jump line="50" column="33" filename="$USER_HOME$/skole/backend/tests/api/schemas/test_school_type.py" />
      <jump line="177" column="33" filename="$USER_HOME$/skole/backend/tests/api/schemas/test_user.py" />
      <jump line="170" column="26" filename="$USER_HOME$/skole/backend/tests/api/schemas/test_user.py" />
      <jump line="179" column="57" filename="$USER_HOME$/skole/backend/tests/api/schemas/test_user.py" />
      <jump line="154" column="12" filename="$USER_HOME$/skole/backend/tests/api/schemas/test_user.py" />
      <jump line="13" column="4" filename="$USER_HOME$/skole/backend/tests/api/schemas/test_user.py" />
      <jump line="60" column="17" filename="$USER_HOME$/skole/backend/tests/api/schemas/test_user.py" />
      <jump line="76" column="20" filename="$USER_HOME$/skole/backend/tests/api/schemas/test_user.py" />
      <jump line="158" column="9" filename="$USER_HOME$/skole/backend/core/fixtures/test-data.yaml" />
      <jump line="164" column="9" filename="$USER_HOME$/skole/backend/core/fixtures/test-data.yaml" />
      <jump line="170" column="9" filename="$USER_HOME$/skole/backend/core/fixtures/test-data.yaml" />
      <jump line="833" column="9" filename="$USER_HOME$/skole/backend/core/fixtures/test-data.yaml" />
      <jump line="844" column="9" filename="$USER_HOME$/skole/backend/core/fixtures/test-data.yaml" />
      <jump line="855" column="9" filename="$USER_HOME$/skole/backend/core/fixtures/test-data.yaml" />
      <jump line="1064" column="0" filename="$USER_HOME$/skole/backend/core/fixtures/test-data.yaml" />
      <jump line="832" column="0" filename="$USER_HOME$/skole/backend/core/fixtures/test-data.yaml" />
      <jump line="4" column="35" filename="$USER_HOME$/skole/backend/api/forms/comment.py" />
      <jump line="30" column="56" filename="$USER_HOME$/skole/backend/api/forms/comment.py" />
      <jump line="45" column="14" filename="$USER_HOME$/skole/backend/api/schemas/course.py" />
      <jump line="46" column="28" filename="$USER_HOME$/skole/backend/api/schemas/course.py" />
      <jump line="33" column="28" filename="$USER_HOME$/skole/backend/api/forms/comment.py" />
      <jump line="8" column="23" filename="$USER_HOME$/skole/backend/api/forms/resource.py" />
      <jump line="68" column="37" filename="$USER_HOME$/skole/backend/api/schemas/comment.py" />
      <jump line="27" column="22" filename="$USER_HOME$/skole/backend/api/forms/comment.py" />
      <jump line="1061" column="10" filename="$USER_HOME$/skole/backend/core/fixtures/test-data.yaml" />
      <jump line="906" column="4" filename="$USER_HOME$/skole/backend/core/fixtures/test-data.yaml" />
      <jump line="2" column="0" filename="$USER_HOME$/skole/backend/.gitignore" />
      <jump line="21" column="42" filename="$USER_HOME$/skole/backend/core/fixtures/test-data.yaml" />
      <jump line="812" column="11" filename="$USER_HOME$/skole/backend/core/fixtures/test-data.yaml" />
      <jump line="803" column="31" filename="$USER_HOME$/skole/backend/core/fixtures/test-data.yaml" />
      <jump line="814" column="31" filename="$USER_HOME$/skole/backend/core/fixtures/test-data.yaml" />
      <jump line="825" column="31" filename="$USER_HOME$/skole/backend/core/fixtures/test-data.yaml" />
      <jump line="813" column="11" filename="$USER_HOME$/skole/backend/core/fixtures/test-data.yaml" />
      <jump line="824" column="11" filename="$USER_HOME$/skole/backend/core/fixtures/test-data.yaml" />
      <jump line="24" column="45" filename="$USER_HOME$/skole/backend/api/forms/resource.py" />
      <jump line="131" column="41" filename="$USER_HOME$/Library/Caches/JetBrains/PyCharm2020.1/remote_sources/-810035644/-1617366195/graphene_django/forms/mutation.py" />
      <jump line="168" column="21" filename="$USER_HOME$/Library/Caches/JetBrains/PyCharm2020.1/remote_sources/-810035644/-1617366195/graphene_django/forms/mutation.py" />
      <jump line="72" column="13" filename="$USER_HOME$/skole/backend/api/schemas/resource.py" />
      <jump line="73" column="26" filename="$USER_HOME$/skole/backend/api/schemas/resource.py" />
      <jump line="21" column="19" filename="$USER_HOME$/skole/backend/api/forms/resource.py" />
      <jump line="19" column="35" filename="$USER_HOME$/skole/backend/api/forms/resource.py" />
      <jump line="469" column="18" filename="$USER_HOME$/Library/Caches/JetBrains/PyCharm2020.1/remote_sources/-810035644/-1617366195/django/forms/models.py" />
      <jump line="78" column="54" filename="$USER_HOME$/skole/backend/api/schemas/resource.py" />
      <jump line="3" column="21" filename="$USER_HOME$/skole/backend/api/utils/messages.py" />
      <jump line="66" column="35" filename="$USER_HOME$/skole/backend/api/schemas/resource.py" />
      <jump line="68" column="35" filename="$USER_HOME$/skole/backend/api/schemas/resource.py" />
      <jump line="61" column="3" filename="$USER_HOME$/skole/backend/api/forms/user.py" />
      <jump line="295" column="25" filename="$USER_HOME$/skole/backend/tests/api/schemas/test_user.py" />
      <jump line="306" column="21" filename="$USER_HOME$/skole/backend/tests/api/schemas/test_user.py" />
      <jump line="287" column="24" filename="$USER_HOME$/skole/backend/tests/api/schemas/test_user.py" />
      <jump line="322" column="7" filename="$USER_HOME$/skole/backend/tests/api/schemas/test_user.py" />
      <jump line="325" column="32" filename="$USER_HOME$/skole/backend/tests/api/schemas/test_user.py" />
      <jump line="291" column="7" filename="$USER_HOME$/skole/backend/tests/api/schemas/test_user.py" />
      <jump line="292" column="29" filename="$USER_HOME$/skole/backend/tests/api/schemas/test_user.py" />
      <jump line="802" column="11" filename="$USER_HOME$/skole/backend/core/fixtures/test-data.yaml" />
      <jump line="136" column="25" filename="$USER_HOME$/skole/backend/tests/api/schemas/test_user.py" />
      <jump line="0" column="0" filename="$USER_HOME$/skole/backend/core/fixtures/test-data.yaml" />
      <jump line="1" column="2" filename="$USER_HOME$/skole/backend/core/fixtures/test-data.yaml" />
      <jump line="1136" column="4" filename="$USER_HOME$/skole/backend/core/fixtures/test-data.yaml" />
      <jump line="288" column="33" filename="$USER_HOME$/skole/backend/tests/api/schemas/test_user.py" />
      <jump line="316" column="7" filename="$USER_HOME$/skole/backend/tests/api/schemas/test_user.py" />
      <jump line="317" column="43" filename="$USER_HOME$/skole/backend/tests/api/schemas/test_user.py" />
      <jump line="312" column="7" filename="$USER_HOME$/skole/backend/tests/api/schemas/test_user.py" />
      <jump line="323" column="7" filename="$USER_HOME$/skole/backend/tests/api/schemas/test_user.py" />
      <jump line="212" column="23" filename="$USER_HOME$/skole/backend/api/schemas/user.py" />
      <jump line="73" column="21" filename="$USER_HOME$/skole/backend/api/schemas/comment.py" />
      <jump line="210" column="18" filename="$USER_HOME$/skole/backend/api/schemas/user.py" />
      <jump line="71" column="6" filename="$USER_HOME$/skole/backend/api/schemas/comment.py" />
      <jump line="109" column="21" filename="$USER_HOME$/skole/backend/api/schemas/comment.py" />
      <jump line="206" column="30" filename="$USER_HOME$/skole/backend/api/schemas/user.py" />
      <jump line="16" column="32" filename="$USER_HOME$/skole/backend/api/utils/file.py" />
      <jump line="10" column="15" filename="$USER_HOME$/skole/backend/api/utils/file.py" />
      <jump line="202" column="26" filename="$USER_HOME$/skole/backend/api/schemas/user.py" />
      <jump line="14" column="7" filename="$USER_HOME$/skole/backend/api/utils/file.py" />
      <jump line="15" column="29" filename="$USER_HOME$/skole/backend/api/utils/file.py" />
      <jump line="77" column="7" filename="$USER_HOME$/skole/backend/api/forms/user.py" />
      <jump line="20" column="7" filename="$USER_HOME$/skole/backend/api/forms/user.py" />
      <jump line="22" column="28" filename="$USER_HOME$/skole/backend/api/forms/user.py" />
      <jump line="23" column="22" filename="$USER_HOME$/skole/backend/api/forms/user.py" />
      <jump line="86" column="55" filename="$USER_HOME$/skole/backend/api/forms/user.py" />
      <jump line="17" column="42" filename="$USER_HOME$/skole/backend/api/utils/file.py" />
      <jump line="162" column="8" filename="$USER_HOME$/skole/backend/api/schemas/user.py" />
    </jumps>
  </component>
  <component name="VimRegisterSettings">
    <registers>
      <register name="&quot;" type="4">
        <text />
      </register>
      <register name="*" type="2">
        <text encoding="base64">ICAgICAgICBtZQogICAgICAgIAogICAgICAgIAo=</text>
      </register>
      <register name="j" type="4">
        <text>class</text>
      </register>
      <register name="k" type="4">
        <text>kkk</text>
      </register>
      <register name="-" type="4">
        <text>Ingore</text>
      </register>
      <register name="/" type="4">
        <text>sample</text>
      </register>
      <register name="0" type="2">
        <text encoding="base64">ICAgICAgICBmb3JtX2t3YXJnc1siZmlsZXMiXSA9IGluZm8uY29udGV4dC5GSUxFUwo=</text>
      </register>
      <register name="1" type="2">
        <text encoding="base64">ICAgICAgICBtZQogICAgICAgIAogICAgICAgIAo=</text>
      </register>
      <register name="q" type="4">
        <keys>
          <key char="105" code="0" mods="0" />
          <key char="115" code="0" mods="0" />
          <key char="101" code="0" mods="0" />
          <key char="108" code="0" mods="0" />
          <key char="102" code="0" mods="0" />
          <key char="46" code="0" mods="0" />
          <key char="65535" code="27" mods="0" />
          <key char="102" code="0" mods="0" />
          <key char="40" code="0" mods="0" />
          <key char="108" code="0" mods="0" />
          <key char="100" code="0" mods="0" />
          <key char="97" code="0" mods="0" />
          <key char="97" code="0" mods="0" />
        </keys>
      </register>
      <register name="2" type="2">
        <text encoding="base64">ICAgICAgICBzdGF0aWNtZXRob2QK</text>
      </register>
      <register name="3" type="2">
        <text encoding="base64">ICAgICAgICBtZXNzYWdlCg==</text>
      </register>
      <register name="4" type="2">
        <text encoding="base64">ICAgICAgICByCg==</text>
      </register>
      <register name="5" type="2">
        <text encoding="base64">ICAgICAgICAK</text>
      </register>
      <register name="6" type="2">
        <text encoding="base64">ICAgICAgICAgICAgago=</text>
      </register>
      <register name="7" type="2">
        <text encoding="base64">ICAgICAgICBhc3NlcnQgcmVzWyJ1c2VyIl0gaXMgbm90IE5vbmUK</text>
      </register>
      <register name="8" type="4">
        <text>()</text>
      </register>
      <register name="9" type="4">
        <text>get_user_model().filter(username__iexact=username)</text>
      </register>
      <register name=":" type="4">
        <text>action ChooseRunConfiguration</text>
      </register>
    </registers>
  </component>
  <component name="VimSearchSettings">
    <search>
      <last-search>sample</last-search>
      <last-offset />
      <last-pattern>sample</last-pattern>
      <last-replace>User</last-replace>
      <last-substitute>get_user_model()</last-substitute>
      <last-dir>1</last-dir>
      <show-last>false</show-last>
    </search>
  </component>
  <component name="VimSettings">
    <state version="6" enabled="true" />
    <notifications>
      <idea-join enabled="false" />
      <idea-put enabled="false" />
    </notifications>
  </component>
</application>