<application>
  <component name="VimEditorSettings">
    <editor>
      <key-repeat enabled="true" />
    </editor>
  </component>
  <component name="VimHistorySettings">
    <history>
      <history-search>
        <entry encoding="base64">XDxyZW5kZXJfYWNjZXB0ZWRfYmlkX2Ftb3VudFw+</entry>
        <entry>Order</entry>
        <entry>address</entry>
        <entry encoding="base64">XDx2ZW5kb3JfYWRkcmVzc1w+</entry>
        <entry>map-mark</entry>
        <entry>errors</entry>
        <entry>%}</entry>
        <entry>{%</entry>
        <entry encoding="base64">XDxOQVRJT05XSURFX0dVSURFQk9PS19TS1VcPg==</entry>
        <entry encoding="base64">XDxBTExfU1RBVEVTXD4=</entry>
        <entry>market</entry>
        <entry encoding="base64">XDxyZW5kZXJfcmVzdWx0c1w+</entry>
        <entry encoding="base64">JnF1b3Q7T3BlbiBTYW5zJnF1b3Q7</entry>
        <entry encoding="base64">JnF1b3Q7T3BlbiBTYW5zJnF1b3Q7Ow==</entry>
        <entry encoding="base64">Zm9udC1mYW1pbHkuKiZxdW90O09wZW4gU2FucyZxdW90Ozs=</entry>
        <entry encoding="base64">IGZvbnQtZmFtaWx5LiomcXVvdDtPcGVuIFNhbnMmcXVvdDs7</entry>
        <entry>Open Sans</entry>
        <entry>style=&quot;&quot;</entry>
        <entry encoding="base64">IHN0eWxlPSIi</entry>
        <entry>font</entry>
      </history-search>
      <history-cmd>
        <entry>action ShowNavBar</entry>
        <entry>action FileStructurePopup</entry>
        <entry>action GotoNextError</entry>
        <entry>action ToggleBookmarkWithMnemonic</entry>
        <entry>action ActivatePythonConsoleToolWindow</entry>
        <entry>action MarkNotificationsAsRead</entry>
        <entry>action Annotate</entry>
        <entry>action ActivateProjectToolWindow</entry>
        <entry>action GotoClass</entry>
        <entry>action GotoFile</entry>
        <entry>action ManageRecentProjects</entry>
        <entry>action GotoDeclarationOnly</entry>
        <entry>action GotoSuperMethod</entry>
        <entry>action Forward</entry>
        <entry>action Back</entry>
        <entry>w</entry>
        <entry>noh</entry>
        <entry>vs</entry>
        <entry>action FindInPath</entry>
        <entry>actionlist case</entry>
      </history-cmd>
      <history-expr />
      <history-input />
    </history>
  </component>
  <component name="VimKeySettings">
    <shortcut-conflicts>
      <shortcut-conflict owner="vim">
        <text>ctrl pressed 2</text>
      </shortcut-conflict>
      <shortcut-conflict owner="vim">
        <text>ctrl pressed 5</text>
      </shortcut-conflict>
      <shortcut-conflict owner="vim">
        <text>ctrl pressed 3</text>
      </shortcut-conflict>
      <shortcut-conflict owner="vim">
        <text>ctrl pressed J</text>
      </shortcut-conflict>
      <shortcut-conflict owner="vim">
        <text>ctrl pressed O</text>
      </shortcut-conflict>
      <shortcut-conflict owner="vim">
        <text>ctrl pressed V</text>
      </shortcut-conflict>
      <shortcut-conflict owner="vim">
        <text>ctrl pressed N</text>
      </shortcut-conflict>
      <shortcut-conflict owner="vim">
        <text>pressed F12</text>
      </shortcut-conflict>
      <shortcut-conflict owner="vim">
        <text>ctrl pressed P</text>
      </shortcut-conflict>
      <shortcut-conflict owner="ide">
        <text>ctrl pressed C</text>
      </shortcut-conflict>
      <shortcut-conflict owner="vim">
        <text>ctrl pressed 6</text>
      </shortcut-conflict>
      <shortcut-conflict owner="ide">
        <text>ctrl pressed L</text>
      </shortcut-conflict>
      <shortcut-conflict owner="vim">
        <text>ctrl pressed H</text>
      </shortcut-conflict>
      <shortcut-conflict owner="vim">
        <text>ctrl pressed 4</text>
      </shortcut-conflict>
      <shortcut-conflict owner="vim">
        <text>ctrl pressed E</text>
      </shortcut-conflict>
      <shortcut-conflict owner="vim">
        <text>ctrl pressed D</text>
      </shortcut-conflict>
      <shortcut-conflict owner="vim">
        <text>ctrl pressed K</text>
      </shortcut-conflict>
      <shortcut-conflict owner="vim">
        <text>ctrl pressed R</text>
      </shortcut-conflict>
      <shortcut-conflict owner="vim">
        <text>ctrl pressed 7</text>
      </shortcut-conflict>
      <shortcut-conflict owner="vim">
        <text>ctrl pressed I</text>
      </shortcut-conflict>
      <shortcut-conflict owner="vim">
        <text>shift pressed ENTER</text>
      </shortcut-conflict>
      <shortcut-conflict owner="vim">
        <text>ctrl pressed G</text>
      </shortcut-conflict>
      <shortcut-conflict owner="vim">
        <text>ctrl pressed F</text>
      </shortcut-conflict>
      <shortcut-conflict owner="vim">
        <text>ctrl pressed 0</text>
      </shortcut-conflict>
      <shortcut-conflict owner="vim">
        <text>ctrl pressed A</text>
      </shortcut-conflict>
      <shortcut-conflict owner="vim">
        <text>ctrl pressed B</text>
      </shortcut-conflict>
    </shortcut-conflicts>
  </component>
  <component name="VimMarksSettings">
    <globalmarks />
    <filemarks>
      <file name="$APPLICATION_CONFIG_DIR$/scratches/scratch.md" timestamp="1590588173688">
        <mark key="'" line="11" column="0" />
        <mark key="[" line="0" column="0" />
        <mark key="]" line="11" column="51" />
        <mark key="." line="11" column="0" />
      </file>
      <file name="$USER_HOME$/.pyenv/versions/owl/lib/python3.6/site-packages/shuup/admin/modules/suppliers/__init__.py" timestamp="1590651720254">
        <mark key="[" line="13" column="86" />
        <mark key="]" line="13" column="86" />
        <mark key="^" line="13" column="88" />
        <mark key="." line="13" column="86" />
      </file>
      <file name="$USER_HOME$/shuup/nationwide-marketplace/app/nationwide-app/nationwide/static_src/styles/nationwide/base.less" timestamp="1590587002247">
        <mark key="q" line="33" column="14" />
        <mark key="'" line="34" column="3" />
        <mark key="[" line="32" column="0" />
        <mark key="]" line="37" column="0" />
        <mark key="." line="33" column="0" />
        <mark key="^" line="36" column="33" />
      </file>
      <file name="$USER_HOME$/.pyenv/versions/nationwide/lib/python3.6/site-packages/shuup/admin/modules/products/__init__.py" timestamp="1590583883699">
        <mark key="[" line="70" column="52" />
        <mark key="]" line="70" column="70" />
      </file>
      <file name="$USER_HOME$/shuup/nationwide-marketplace/app/nationwide-app/nationwide/templates/nationwide/shuup/front/product/category.jinja" timestamp="1590580432062">
        <mark key="'" line="88" column="58" />
        <mark key="[" line="90" column="27" />
        <mark key="]" line="90" column="37" />
        <mark key="." line="90" column="24" />
        <mark key="^" line="90" column="28" />
      </file>
      <file name="$USER_HOME$/shuup/nationwide-marketplace/app/nationwide-app/nationwide/urls.py" timestamp="1590578865249">
        <mark key="'" line="75" column="36" />
      </file>
      <file name="$USER_HOME$/shuup/daycare-owl-marketplace/app/daycare-owl/daycare_owl/admin_module/views/spot_admin.py" timestamp="1590652748055">
        <mark key="[" line="29" column="45" />
        <mark key="]" line="30" column="22" />
        <mark key="." line="30" column="21" />
        <mark key="^" line="30" column="22" />
      </file>
      <file name="$USER_HOME$/shuup/nationwide-marketplace/app/nationwide-app/CHANGELOG.md" timestamp="1590588121455">
        <mark key="q" line="8" column="0" />
        <mark key="'" line="9" column="0" />
        <mark key="[" line="16" column="0" />
        <mark key="]" line="40" column="51" />
        <mark key="." line="8" column="9" />
        <mark key="^" line="9" column="0" />
      </file>
      <file name="$USER_HOME$/shuup/nationwide-marketplace/app/nationwide-app/nationwide/static_src/styles/nationwide/cms-plugins.less" timestamp="1590586826750">
        <mark key="[" line="179" column="0" />
        <mark key="]" line="179" column="19" />
      </file>
      <file name="/" timestamp="1590651683032">
        <mark key="[" line="0" column="0" />
      </file>
      <file name="$USER_HOME$/shuup/daycare-owl-marketplace/app/daycare-owl/daycare_owl/admin_module/modules/spot_admin.py" timestamp="1590652526688">
        <mark key="[" line="22" column="59" />
        <mark key="]" line="22" column="71" />
      </file>
      <file name="$USER_HOME$/shuup/nationwide-marketplace/app/nationwide-app/nationwide/views/market.py" timestamp="1590578986963">
        <mark key="'" line="95" column="49" />
        <mark key="[" line="103" column="0" />
        <mark key="]" line="103" column="58" />
        <mark key="." line="39" column="70" />
        <mark key="^" line="39" column="70" />
      </file>
      <file name="/Django Console" timestamp="1590651728495">
        <mark key="[" line="0" column="0" />
      </file>
      <file name="$USER_HOME$/shuup/nationwide-marketplace/app/nationwide-app/nationwide/templates/nationwide/front/service/my_bids.jinja" timestamp="1590569130837">
        <mark key="[" line="101" column="77" />
        <mark key="]" line="101" column="103" />
      </file>
      <file name="$USER_HOME$/.pyenv/versions/nationwide/lib/python3.6/site-packages/shuup/front/templates/shuup/front/product/category.jinja" timestamp="1590578961128">
        <mark key="'" line="0" column="0" />
      </file>
      <file name="$USER_HOME$/shuup/nationwide-marketplace/app/setup.cfg" timestamp="1590587347641">
        <mark key="[" line="39" column="24" />
        <mark key="]" line="39" column="25" />
        <mark key="." line="39" column="25" />
        <mark key="^" line="39" column="25" />
      </file>
      <file name="$USER_HOME$/shuup/nationwide-marketplace/app/nationwide-app/nationwide/package.json" timestamp="1590580937945">
        <mark key="[" line="13" column="10" />
        <mark key="]" line="13" column="11" />
        <mark key="." line="13" column="10" />
        <mark key="^" line="13" column="11" />
      </file>
      <file name="$USER_HOME$/shuup/nationwide-marketplace/app/nationwide-app/setup.cfg" timestamp="1590587335865">
        <mark key="[" line="1" column="14" />
        <mark key="]" line="1" column="15" />
        <mark key="." line="1" column="15" />
        <mark key="^" line="1" column="15" />
      </file>
      <file name="$USER_HOME$/.pyenv/versions/nationwide/lib/python3.6/site-packages/shuup/admin/modules/products/views/mass_edit.py" timestamp="1590583921869">
        <mark key="[" line="22" column="6" />
        <mark key="]" line="22" column="17" />
      </file>
      <file name="$USER_HOME$/shuup/nationwide-marketplace/app/nationwide-app/nationwide/templates/nationwide/shuup/front/macros/theme/product.jinja" timestamp="1590580778024">
        <mark key="'" line="0" column="0" />
        <mark key="[" line="12" column="0" />
        <mark key="]" line="12" column="0" />
        <mark key="." line="12" column="0" />
      </file>
    </filemarks>
    <jumps>
      <jump line="228" column="80" filename="$USER_HOME$/shuup/nationwide-marketplace/app/nationwide-app/nationwide/models.py" />
      <jump line="239" column="76" filename="$USER_HOME$/shuup/nationwide-marketplace/app/nationwide-app/nationwide/models.py" />
      <jump line="69" column="11" filename="$USER_HOME$/shuup/nationwide-marketplace/app/nationwide-app/nationwide/views/bid_chat.py" />
      <jump line="72" column="15" filename="$USER_HOME$/shuup/nationwide-marketplace/app/nationwide-app/nationwide/views/bid_chat.py" />
      <jump line="117" column="8" filename="$USER_HOME$/shuup/daycare-owl-marketplace/app/daycare-owl/daycare_owl/utils/reservation.py" />
      <jump line="123" column="48" filename="$USER_HOME$/shuup/daycare-owl-marketplace/app/daycare-owl/daycare_owl/utils/reservation.py" />
      <jump line="151" column="48" filename="$USER_HOME$/shuup/daycare-owl-marketplace/app/daycare-owl/daycare_owl/utils/reservation.py" />
      <jump line="170" column="29" filename="$USER_HOME$/shuup/daycare-owl-marketplace/app/daycare-owl/daycare_owl/utils/reservation.py" />
      <jump line="139" column="53" filename="$USER_HOME$/shuup/daycare-owl-marketplace/app/daycare-owl-stripe/daycare_owl_stripe/module.py" />
      <jump line="106" column="0" filename="$USER_HOME$/shuup/daycare-owl-marketplace/app/daycare-owl-stripe/daycare_owl_stripe/utils/reservation.py" />
      <jump line="15" column="4" filename="$USER_HOME$/shuup/nationwide-marketplace/app/nationwide-app/nationwide/views/market.py" />
      <jump line="98" column="41" filename="$USER_HOME$/shuup/nationwide-marketplace/app/nationwide-app/nationwide/views/market.py" />
      <jump line="105" column="17" filename="$USER_HOME$/shuup/nationwide-marketplace/app/nationwide-app/nationwide/views/market.py" />
      <jump line="559" column="48" filename="$USER_HOME$/.pyenv/versions/nationwide/lib/python3.6/site-packages/shuup/core/models/_orders.py" />
      <jump line="561" column="48" filename="$USER_HOME$/.pyenv/versions/nationwide/lib/python3.6/site-packages/shuup/core/models/_orders.py" />
      <jump line="572" column="53" filename="$USER_HOME$/.pyenv/versions/nationwide/lib/python3.6/site-packages/shuup/core/models/_orders.py" />
      <jump line="630" column="43" filename="$USER_HOME$/.pyenv/versions/nationwide/lib/python3.6/site-packages/shuup/core/models/_orders.py" />
      <jump line="183" column="91" filename="$USER_HOME$/shuup/nationwide-marketplace/app/nationwide-app/nationwide/templates/nationwide/front/job/list.jinja" />
      <jump line="188" column="55" filename="$USER_HOME$/shuup/nationwide-marketplace/app/nationwide-app/nationwide/templates/nationwide/front/job/list.jinja" />
      <jump line="47" column="93" filename="$USER_HOME$/shuup/nationwide-marketplace/app/nationwide-app/nationwide/templatetags/nationwide.py" />
      <jump line="145" column="108" filename="$USER_HOME$/shuup/nationwide-marketplace/app/nationwide-app/nationwide/templatetags/nationwide.py" />
      <jump line="153" column="60" filename="$USER_HOME$/shuup/nationwide-marketplace/app/nationwide-app/nationwide/templatetags/nationwide.py" />
      <jump line="160" column="60" filename="$USER_HOME$/shuup/nationwide-marketplace/app/nationwide-app/nationwide/templatetags/nationwide.py" />
      <jump line="178" column="86" filename="$USER_HOME$/shuup/nationwide-marketplace/app/nationwide-app/nationwide/templatetags/nationwide.py" />
      <jump line="187" column="93" filename="$USER_HOME$/shuup/nationwide-marketplace/app/nationwide-app/nationwide/templatetags/nationwide.py" />
      <jump line="275" column="9" filename="$USER_HOME$/shuup/nationwide-marketplace/app/nationwide-app/nationwide/templatetags/nationwide.py" />
      <jump line="276" column="3" filename="$USER_HOME$/shuup/nationwide-marketplace/app/nationwide-app/nationwide/templatetags/nationwide.py" />
      <jump line="274" column="27" filename="$USER_HOME$/shuup/nationwide-marketplace/app/nationwide-app/nationwide/templatetags/nationwide.py" />
      <jump line="79" column="34" filename="$USER_HOME$/shuup/nationwide-marketplace/app/nationwide-app/nationwide/views/job.py" />
      <jump line="15" column="42" filename="$USER_HOME$/shuup/nationwide-marketplace/app/nationwide-app/nationwide/templates/nationwide/shuup/front/macros/theme/product.jinja" />
      <jump line="297" column="6" filename="$USER_HOME$/.pyenv/versions/nationwide/lib/python3.6/site-packages/shuup/core/models/_orders.py" />
      <jump line="655" column="35" filename="$USER_HOME$/.pyenv/versions/nationwide/lib/python3.6/site-packages/shuup/core/models/_orders.py" />
      <jump line="541" column="51" filename="$USER_HOME$/.pyenv/versions/nationwide/lib/python3.6/site-packages/shuup/core/models/_orders.py" />
      <jump line="54" column="23" filename="$USER_HOME$/.pyenv/versions/nationwide/lib/python3.6/site-packages/shuup/core/models/_orders.py" />
      <jump line="540" column="39" filename="$USER_HOME$/.pyenv/versions/nationwide/lib/python3.6/site-packages/shuup/core/models/_orders.py" />
      <jump line="40" column="65" filename="$USER_HOME$/shuup/nationwide-marketplace/app/nationwide-app/nationwide/templates/nationwide/shuup/front/product/detail.jinja" />
      <jump line="35" column="4" filename="$USER_HOME$/shuup/nationwide-marketplace/app/nationwide-app/nationwide/templatetags/nationwide.py" />
      <jump line="245" column="0" filename="$USER_HOME$/shuup/nationwide-marketplace/app/nationwide-app/nationwide/templates/nationwide/shuup/front/product/detail.jinja" />
      <jump line="230" column="11" filename="$USER_HOME$/shuup/nationwide-marketplace/app/nationwide-app/nationwide/templates/nationwide/shuup/front/product/detail.jinja" />
      <jump line="44" column="27" filename="$USER_HOME$/shuup/nationwide-marketplace/app/nationwide-app/nationwide/templates/nationwide/shuup/front/product/detail.jinja" />
      <jump line="215" column="3" filename="$USER_HOME$/shuup/nationwide-marketplace/app/nationwide-app/nationwide/templatetags/nationwide.py" />
      <jump line="217" column="6" filename="$USER_HOME$/.pyenv/versions/nationwide/lib/python3.6/site-packages/shuup/core/models/_products.py" />
      <jump line="217" column="29" filename="$USER_HOME$/shuup/nationwide-marketplace/app/nationwide-app/nationwide/templatetags/nationwide.py" />
      <jump line="224" column="7" filename="$USER_HOME$/shuup/nationwide-marketplace/app/nationwide-app/nationwide/templatetags/nationwide.py" />
      <jump line="209" column="4" filename="$USER_HOME$/shuup/nationwide-marketplace/app/nationwide-app/nationwide/templatetags/nationwide.py" />
      <jump line="301" column="8" filename="$USER_HOME$/shuup/nationwide-marketplace/app/nationwide-app/nationwide/templatetags/nationwide.py" />
      <jump line="195" column="41" filename="$USER_HOME$/shuup/nationwide-marketplace/app/nationwide-app/nationwide/templates/shuup_multivendor/supplier/detail.jinja" />
      <jump line="344" column="32" filename="$USER_HOME$/shuup/nationwide-marketplace/app/nationwide-app/nationwide/templatetags/nationwide.py" />
      <jump line="343" column="28" filename="$USER_HOME$/shuup/nationwide-marketplace/app/nationwide-app/nationwide/templatetags/nationwide.py" />
      <jump line="58" column="118" filename="$USER_HOME$/shuup/nationwide-marketplace/app/nationwide-app/nationwide/templates/shuup_multivendor/supplier/detail.jinja" />
      <jump line="26" column="77" filename="$USER_HOME$/shuup/nationwide-marketplace/app/nationwide-app/nationwide/utils/address_formatter.py" />
      <jump line="23" column="1" filename="$USER_HOME$/shuup/nationwide-marketplace/app/nationwide-app/nationwide/utils/address_formatter.py" />
      <jump line="22" column="81" filename="$USER_HOME$/shuup/nationwide-marketplace/app/nationwide-app/nationwide/utils/address_formatter.py" />
      <jump line="90" column="17" filename="$USER_HOME$/shuup/nationwide-marketplace/app/nationwide-app/nationwide/templatetags/nationwide.py" />
      <jump line="5" column="0" filename="$USER_HOME$/shuup/nationwide-marketplace/app/nationwide-app/nationwide/templates/nationwide/front/job/edit.jinja" />
      <jump line="56" column="30" filename="$USER_HOME$/shuup/tietoa-finland-marketplace/app/tietoa-app/tietoa/templates/tietoa/shuup/front/base.jinja" />
      <jump line="61" column="30" filename="$USER_HOME$/shuup/nationwide-marketplace/app/nationwide-app/nationwide/templates/nationwide/front/job/edit.jinja" />
      <jump line="7" column="59" filename="$USER_HOME$/.pyenv/versions/nationwide/lib/python3.6/site-packages/shuup/front/templates/shuup/front/order/complete.jinja" />
      <jump line="14" column="43" filename="$USER_HOME$/shuup/nationwide-marketplace/app/nationwide-app/nationwide/templates/shuup/front/order/complete.jinja" />
      <jump line="10" column="121" filename="$USER_HOME$/shuup/nationwide-marketplace/app/nationwide-app/nationwide/templates/shuup/front/order/complete.jinja" />
      <jump line="8" column="3" filename="$USER_HOME$/shuup/nationwide-marketplace/app/nationwide-app/nationwide/templates/shuup/front/order/complete.jinja" />
      <jump line="16" column="3" filename="$USER_HOME$/shuup/nationwide-marketplace/app/nationwide-app/nationwide/templates/shuup/front/order/complete.jinja" />
      <jump line="7" column="79" filename="$USER_HOME$/shuup/nationwide-marketplace/app/nationwide-app/nationwide/templates/shuup/front/order/complete.jinja" />
      <jump line="0" column="0" filename="$USER_HOME$/shuup/nationwide-marketplace/app/nationwide-app/nationwide/templates/shuup/front/order/complete.jinja" />
      <jump line="18" column="37" filename="$USER_HOME$/shuup/nationwide-marketplace/app/nationwide-app/nationwide/templates/shuup/front/order/complete.jinja" />
      <jump line="347" column="0" filename="$USER_HOME$/shuup/nationwide-marketplace/app/nationwide-app/nationwide/templatetags/nationwide.py" />
      <jump line="25" column="30" filename="$USER_HOME$/shuup/nationwide-marketplace/app/nationwide-app/nationwide/templatetags/nationwide.py" />
      <jump line="36" column="0" filename="$USER_HOME$/shuup/nationwide-marketplace/app/nationwide-app/nationwide/views/market.py" />
      <jump line="65" column="62" filename="$USER_HOME$/shuup/nationwide-marketplace/app/nationwide-app/nationwide/views/market.py" />
      <jump line="91" column="49" filename="$USER_HOME$/shuup/nationwide-marketplace/app/nationwide-app/nationwide/views/market.py" />
      <jump line="10" column="0" filename="$USER_HOME$/shuup/ipact-marketplace/app/ipact-app/CHANGELOG.md" />
      <jump line="75" column="36" filename="$USER_HOME$/shuup/nationwide-marketplace/app/nationwide-app/nationwide/urls.py" />
      <jump line="2" column="0" filename="$USER_HOME$/.pyenv/versions/nationwide/lib/python3.6/site-packages/shuup/front/templates/shuup/front/product/category.jinja" />
      <jump line="37" column="0" filename="$USER_HOME$/.pyenv/versions/nationwide/lib/python3.6/site-packages/shuup/front/templates/shuup/front/product/category.jinja" />
      <jump line="32" column="0" filename="$USER_HOME$/.pyenv/versions/nationwide/lib/python3.6/site-packages/shuup/front/templates/shuup/front/product/category.jinja" />
      <jump line="3" column="0" filename="$USER_HOME$/.pyenv/versions/nationwide/lib/python3.6/site-packages/shuup/front/templates/shuup/front/product/category.jinja" />
      <jump line="0" column="0" filename="$USER_HOME$/.pyenv/versions/nationwide/lib/python3.6/site-packages/shuup/front/templates/shuup/front/product/category.jinja" />
      <jump line="0" column="0" filename="$USER_HOME$/shuup/nationwide-marketplace/app/nationwide-app/nationwide/templates/nationwide/shuup/front/product/category.jinja" />
      <jump line="105" column="7" filename="$USER_HOME$/shuup/nationwide-marketplace/app/nationwide-app/nationwide/templates/nationwide/shuup/front/product/category.jinja" />
      <jump line="156" column="15" filename="$USER_HOME$/shuup/nationwide-marketplace/app/nationwide-app/nationwide/templates/nationwide/shuup/front/product/category.jinja" />
      <jump line="81" column="9" filename="$USER_HOME$/shuup/nationwide-marketplace/app/nationwide-app/nationwide/templates/nationwide/shuup/front/product/category.jinja" />
      <jump line="87" column="58" filename="$USER_HOME$/shuup/nationwide-marketplace/app/nationwide-app/nationwide/templates/nationwide/shuup/front/product/category.jinja" />
      <jump line="8" column="0" filename="$USER_HOME$/shuup/nationwide-marketplace/app/nationwide-app/nationwide/templates/nationwide/shuup/front/macros/theme/product.jinja" />
      <jump line="0" column="0" filename="$USER_HOME$/shuup/nationwide-marketplace/app/nationwide-app/nationwide/templates/nationwide/shuup/front/macros/theme/product.jinja" />
      <jump line="36" column="12" filename="$APPLICATION_CONFIG_DIR$/scratches/scratch.html" />
      <jump line="0" column="0" filename="$APPLICATION_CONFIG_DIR$/scratches/scratch.html" />
      <jump line="37" column="47" filename="$APPLICATION_CONFIG_DIR$/scratches/scratch.html" />
      <jump line="39" column="11" filename="$APPLICATION_CONFIG_DIR$/scratches/scratch.html" />
      <jump line="14" column="72" filename="$APPLICATION_CONFIG_DIR$/scratches/scratch.html" />
      <jump line="4" column="113" filename="$APPLICATION_CONFIG_DIR$/scratches/scratch.html" />
      <jump line="7" column="77" filename="$APPLICATION_CONFIG_DIR$/scratches/scratch.html" />
      <jump line="9" column="40" filename="$APPLICATION_CONFIG_DIR$/scratches/scratch.html" />
      <jump line="34" column="3" filename="$USER_HOME$/shuup/nationwide-marketplace/app/nationwide-app/nationwide/static_src/styles/nationwide/base.less" />
      <jump line="8" column="0" filename="$USER_HOME$/shuup/nationwide-marketplace/app/nationwide-app/CHANGELOG.md" />
      <jump line="7" column="0" filename="$USER_HOME$/shuup/nationwide-marketplace/app/nationwide-app/CHANGELOG.md" />
      <jump line="9" column="0" filename="$USER_HOME$/shuup/nationwide-marketplace/app/nationwide-app/CHANGELOG.md" />
      <jump line="12" column="0" filename="$APPLICATION_CONFIG_DIR$/scratches/scratch.md" />
      <jump line="0" column="0" filename="$APPLICATION_CONFIG_DIR$/scratches/scratch.md" />
      <jump line="1" column="0" filename="$APPLICATION_CONFIG_DIR$/scratches/scratch.md" />
      <jump line="11" column="0" filename="$APPLICATION_CONFIG_DIR$/scratches/scratch.md" />
    </jumps>
  </component>
  <component name="VimRegisterSettings">
    <registers>
      <register name="&quot;" type="4">
        <text />
      </register>
      <register name="*" type="2">
        <text encoding="base64">ICAgICAgICAK</text>
      </register>
      <register name="j" type="4">
        <text>class</text>
      </register>
      <register name="k" type="4">
        <text>kkk</text>
      </register>
      <register name="-" type="4">
        <text>a</text>
      </register>
      <register name="/" type="4">
        <text>font</text>
      </register>
      <register name="0" type="2">
        <text encoding="base64">ICAgICAgICBzdXBwbGllciA9IGdldF9zdXBwbGllcihzZWxmLnJlcXVlc3QpCg==</text>
      </register>
      <register name="1" type="2">
        <text encoding="base64">ICAgICAgICAK</text>
      </register>
      <register name="q" type="4">
        <text>Q</text>
      </register>
      <register name="2" type="2">
        <text encoding="base64">ICAgICAgICBwcmludChyZXF1ZXN0KQo=</text>
      </register>
      <register name="3" type="2">
        <text encoding="base64">Cg==</text>
      </register>
      <register name="4" type="2">
        <text encoding="base64">ICAgICAgICByZXR1cm4gCg==</text>
      </register>
      <register name="5" type="2">
        <text encoding="base64">ICAgICAgICBpZgo=</text>
      </register>
      <register name="6" type="2">
        <text encoding="base64">ICAgICAgICAgICAgYWEgCg==</text>
      </register>
      <register name="7" type="2">
        <text encoding="base64">LSBGaXggYnVnIHdoaWNoIHByZXZlbnRlZCBlZGl0aW5nIG5vbi1hY2NlcHRlZCBqb2JzIHNvbWV0aW1lcwotIEZpeCBjcmFzaCB3aGVuIHN1Ym1pdHRpbmcgbmV3IGpvYiB3aXRob3V0IGEgdmFsaWQgZ29vZ2xlIG1hcHMgYWRkcmVzcwo=</text>
      </register>
      <register name="8" type="2">
        <text encoding="base64">CiMjIEZpeGVkCgo=</text>
      </register>
      <register name="9" type="2">
        <text encoding="base64">CiMjIFJlbW92ZWQKCg==</text>
      </register>
      <register name=":" type="4">
        <text>actionlist case</text>
      </register>
      <register name="z" type="4">
        <text encoding="base64">IH19Ij4=</text>
      </register>
    </registers>
  </component>
  <component name="VimSearchSettings">
    <search>
      <last-search>font</last-search>
      <last-offset />
      <last-pattern>font</last-pattern>
      <last-replace />
      <last-substitute encoding="base64">IHN0eWxlPSIi</last-substitute>
      <last-dir>1</last-dir>
      <show-last>false</show-last>
    </search>
  </component>
  <component name="VimSettings">
    <state version="6" enabled="true" />
    <notifications>
      <idea-join enabled="false" />
      <idea-put enabled="false" />
    </notifications>
  </component>
</application>