<profile version="1.0">
  <option name="myName" value="Default" />
  <inspection_tool class="Eslint" enabled="true" level="WARNING" enabled_by_default="true" />
  <inspection_tool class="PyPackageRequirementsInspection" enabled="true" level="WARNING" enabled_by_default="true">
    <option name="ignoredPackages">
      <value>
        <list size="134">
          <item index="0" class="java.lang.String" itemvalue="shuup-multivendor" />
          <item index="1" class="java.lang.String" itemvalue="shuup" />
          <item index="2" class="java.lang.String" itemvalue="geopy" />
          <item index="3" class="java.lang.String" itemvalue="html5lib" />
          <item index="4" class="java.lang.String" itemvalue="jsonfield" />
          <item index="5" class="java.lang.String" itemvalue="unidecode" />
          <item index="6" class="java.lang.String" itemvalue="cffi" />
          <item index="7" class="java.lang.String" itemvalue="defusedxml" />
          <item index="8" class="java.lang.String" itemvalue="pycparser" />
          <item index="9" class="java.lang.String" itemvalue="requests" />
          <item index="10" class="java.lang.String" itemvalue="tinycss2" />
          <item index="11" class="java.lang.String" itemvalue="importlib-metadata" />
          <item index="12" class="java.lang.String" itemvalue="markupsafe" />
          <item index="13" class="java.lang.String" itemvalue="sqlparse" />
          <item index="14" class="java.lang.String" itemvalue="jdcal" />
          <item index="15" class="java.lang.String" itemvalue="django-countries" />
          <item index="16" class="java.lang.String" itemvalue="sentry-sdk" />
          <item index="17" class="java.lang.String" itemvalue="pyphen" />
          <item index="18" class="java.lang.String" itemvalue="zipp" />
          <item index="19" class="java.lang.String" itemvalue="certifi" />
          <item index="20" class="java.lang.String" itemvalue="markdown" />
          <item index="21" class="java.lang.String" itemvalue="stripe" />
          <item index="22" class="java.lang.String" itemvalue="geographiclib" />
          <item index="23" class="java.lang.String" itemvalue="lxml" />
          <item index="24" class="java.lang.String" itemvalue="urllib3" />
          <item index="25" class="java.lang.String" itemvalue="keyrings.alt" />
          <item index="26" class="java.lang.String" itemvalue="xlrd" />
          <item index="27" class="java.lang.String" itemvalue="cssselect2" />
          <item index="28" class="java.lang.String" itemvalue="uritemplate" />
          <item index="29" class="java.lang.String" itemvalue="six" />
          <item index="30" class="java.lang.String" itemvalue="cairocffi" />
          <item index="31" class="java.lang.String" itemvalue="cairosvg" />
          <item index="32" class="java.lang.String" itemvalue="weasyprint" />
          <item index="33" class="java.lang.String" itemvalue="packaging" />
          <item index="34" class="java.lang.String" itemvalue="dictdiffer" />
          <item index="35" class="java.lang.String" itemvalue="easy-thumbnails" />
          <item index="36" class="java.lang.String" itemvalue="simplejson" />
          <item index="37" class="java.lang.String" itemvalue="chardet" />
          <item index="38" class="java.lang.String" itemvalue="django-js-asset" />
          <item index="39" class="java.lang.String" itemvalue="itypes" />
          <item index="40" class="java.lang.String" itemvalue="pillow" />
          <item index="41" class="java.lang.String" itemvalue="pytz" />
          <item index="42" class="java.lang.String" itemvalue="keyring" />
          <item index="43" class="java.lang.String" itemvalue="idna" />
          <item index="44" class="java.lang.String" itemvalue="openpyxl" />
          <item index="45" class="java.lang.String" itemvalue="protobuf" />
          <item index="46" class="java.lang.String" itemvalue="googleapis-common-protos" />
          <item index="47" class="java.lang.String" itemvalue="cachecontrol" />
          <item index="48" class="java.lang.String" itemvalue="psycopg2-binary" />
          <item index="49" class="java.lang.String" itemvalue="python-dotenv" />
          <item index="50" class="java.lang.String" itemvalue="shuup-wishlist" />
          <item index="51" class="java.lang.String" itemvalue="kombu" />
          <item index="52" class="java.lang.String" itemvalue="redis" />
          <item index="53" class="java.lang.String" itemvalue="pyasn1-modules" />
          <item index="54" class="java.lang.String" itemvalue="daycare-owl-stripe" />
          <item index="55" class="java.lang.String" itemvalue="oauthlib" />
          <item index="56" class="java.lang.String" itemvalue="docutils" />
          <item index="57" class="java.lang.String" itemvalue="vine" />
          <item index="58" class="java.lang.String" itemvalue="google-api-core" />
          <item index="59" class="java.lang.String" itemvalue="google-crc32c" />
          <item index="60" class="java.lang.String" itemvalue="wrapt" />
          <item index="61" class="java.lang.String" itemvalue="cryptography" />
          <item index="62" class="java.lang.String" itemvalue="gunicorn" />
          <item index="63" class="java.lang.String" itemvalue="python3-openid" />
          <item index="64" class="java.lang.String" itemvalue="shuup-favorite-vendors" />
          <item index="65" class="java.lang.String" itemvalue="boto3" />
          <item index="66" class="java.lang.String" itemvalue="shuup-product-reviews" />
          <item index="67" class="java.lang.String" itemvalue="timezonefinder" />
          <item index="68" class="java.lang.String" itemvalue="shuup-front-api" />
          <item index="69" class="java.lang.String" itemvalue="twilio" />
          <item index="70" class="java.lang.String" itemvalue="google-cloud-core" />
          <item index="71" class="java.lang.String" itemvalue="msgpack" />
          <item index="72" class="java.lang.String" itemvalue="shuup-definite-theme" />
          <item index="73" class="java.lang.String" itemvalue="rsa" />
          <item index="74" class="java.lang.String" itemvalue="shuup-auth0" />
          <item index="75" class="java.lang.String" itemvalue="firebase-admin" />
          <item index="76" class="java.lang.String" itemvalue="libhoney" />
          <item index="77" class="java.lang.String" itemvalue="httplib2" />
          <item index="78" class="java.lang.String" itemvalue="mailchimp3" />
          <item index="79" class="java.lang.String" itemvalue="google-cloud-storage" />
          <item index="80" class="java.lang.String" itemvalue="django-storages" />
          <item index="81" class="java.lang.String" itemvalue="numpy" />
          <item index="82" class="java.lang.String" itemvalue="pyasn1" />
          <item index="83" class="java.lang.String" itemvalue="requests-oauthlib" />
          <item index="84" class="java.lang.String" itemvalue="google-resumable-media" />
          <item index="85" class="java.lang.String" itemvalue="celery" />
          <item index="86" class="java.lang.String" itemvalue="shuup-firebase-auth" />
          <item index="87" class="java.lang.String" itemvalue="google-auth-httplib2" />
          <item index="88" class="java.lang.String" itemvalue="python-jose" />
          <item index="89" class="java.lang.String" itemvalue="billiard" />
          <item index="90" class="java.lang.String" itemvalue="shuup-rewards-multivendor" />
          <item index="91" class="java.lang.String" itemvalue="daycare-owl-admin" />
          <item index="92" class="java.lang.String" itemvalue="botocore" />
          <item index="93" class="java.lang.String" itemvalue="daycare-owl" />
          <item index="94" class="java.lang.String" itemvalue="shuup-cms-blog" />
          <item index="95" class="java.lang.String" itemvalue="phonenumbers" />
          <item index="96" class="java.lang.String" itemvalue="amqp" />
          <item index="97" class="java.lang.String" itemvalue="statsd" />
          <item index="98" class="java.lang.String" itemvalue="ecdsa" />
          <item index="99" class="java.lang.String" itemvalue="toml" />
          <item index="100" class="java.lang.String" itemvalue="social-auth-core" />
          <item index="101" class="java.lang.String" itemvalue="jmespath" />
          <item index="102" class="java.lang.String" itemvalue="s3transfer" />
          <item index="103" class="java.lang.String" itemvalue="social-auth-app-django" />
          <item index="104" class="java.lang.String" itemvalue="future" />
          <item index="105" class="java.lang.String" itemvalue="django-redis" />
          <item index="106" class="java.lang.String" itemvalue="cachetools" />
          <item index="107" class="java.lang.String" itemvalue="shuup-mailchimp" />
          <item index="108" class="java.lang.String" itemvalue="google-api-python-client" />
          <item index="109" class="java.lang.String" itemvalue="grpcio" />
          <item index="110" class="java.lang.String" itemvalue="honeycomb-beeline" />
          <item index="111" class="java.lang.String" itemvalue="shuup-opening-hours" />
          <item index="112" class="java.lang.String" itemvalue="pyjwt" />
          <item index="113" class="java.lang.String" itemvalue="google-cloud-firestore" />
          <item index="114" class="java.lang.String" itemvalue="google-auth" />
          <item index="115" class="java.lang.String" itemvalue="shuup-project-tracking" />
          <item index="116" class="java.lang.String" itemvalue="shuup-db-dump" />
          <item index="117" class="java.lang.String" itemvalue="shuup-loyalty-card" />
          <item index="118" class="java.lang.String" itemvalue="shuup-product-comparison" />
          <item index="119" class="java.lang.String" itemvalue="shuup-stripe-subscriptions" />
          <item index="120" class="java.lang.String" itemvalue="paypal-checkout-serversdk" />
          <item index="121" class="java.lang.String" itemvalue="pyopenssl" />
          <item index="122" class="java.lang.String" itemvalue="shuup-messages" />
          <item index="123" class="java.lang.String" itemvalue="shuup-subscriptions" />
          <item index="124" class="java.lang.String" itemvalue="shuup-can-taxes" />
          <item index="125" class="java.lang.String" itemvalue="forage-app" />
          <item index="126" class="java.lang.String" itemvalue="shippo" />
          <item index="127" class="java.lang.String" itemvalue="shuup-shippo-multivendor" />
          <item index="128" class="java.lang.String" itemvalue="shuup-vendor-plans" />
          <item index="129" class="java.lang.String" itemvalue="shuup-paypal-capture" />
          <item index="130" class="java.lang.String" itemvalue="paypalhttp" />
          <item index="131" class="java.lang.String" itemvalue="shuup-product-modifier" />
          <item index="132" class="java.lang.String" itemvalue="shuup-stripe-multivendor" />
          <item index="133" class="java.lang.String" itemvalue="shuup-rest-api" />
        </list>
      </value>
    </option>
  </inspection_tool>
  <inspection_tool class="TsLint" enabled="true" level="WARNING" enabled_by_default="true" />
</profile>