<code_scheme name="Default" version="173">
  <option name="RIGHT_MARGIN" value="99" />
  <option name="SOFT_MARGINS" value="99" />
  <JSCodeStyleSettings version="0">
    <option name="SPACES_WITHIN_OBJECT_LITERAL_BRACES" value="true" />
  </JSCodeStyleSettings>
  <Python>
    <option name="OPTIMIZE_IMPORTS_SORT_NAMES_IN_FROM_IMPORTS" value="true" />
    <option name="OPTIMIZE_IMPORTS_JOIN_FROM_IMPORTS_WITH_SAME_SOURCE" value="true" />
  </Python>
  <codeStyleSettings language="JavaScript">
    <indentOptions>
      <option name="INDENT_SIZE" value="2" />
      <option name="CONTINUATION_INDENT_SIZE" value="2" />
      <option name="TAB_SIZE" value="8" />
    </indentOptions>
  </codeStyleSettings>
  <codeStyleSettings language="Python">
    <option name="RIGHT_MARGIN" value="300" />
    <option name="SOFT_MARGINS" value="88" />
    <indentOptions>
      <option name="TAB_SIZE" value="8" />
    </indentOptions>
  </codeStyleSettings>
  <codeStyleSettings language="TypeScript">
    <indentOptions>
      <option name="INDENT_SIZE" value="2" />
      <option name="CONTINUATION_INDENT_SIZE" value="2" />
      <option name="TAB_SIZE" value="8" />
    </indentOptions>
  </codeStyleSettings>
</code_scheme>