<code_scheme name="Default" version="173">
  <option name="RIGHT_MARGIN" value="99" />
  <option name="SOFT_MARGINS" value="99" />
  <JSCodeStyleSettings version="0">
    <option name="SPACES_WITHIN_OBJECT_LITERAL_BRACES" value="true" />
  </JSCodeStyleSettings>
  <Python>
    <option name="OPTIMIZE_IMPORTS_SORT_NAMES_IN_FROM_IMPORTS" value="true" />
    <option name="OPTIMIZE_IMPORTS_JOIN_FROM_IMPORTS_WITH_SAME_SOURCE" value="true" />
  </Python>
  <codeStyleSettings language="Python">
    <option name="RIGHT_MARGIN" value="300" />
    <option name="SOFT_MARGINS" value="88" />
  </codeStyleSettings>
</code_scheme>