<code_scheme name="Default" version="173">
  <option name="RIGHT_MARGIN" value="99" />
  <option name="SOFT_MARGINS" value="99" />
  <Python>
    <option name="OPTIMIZE_IMPORTS_JOIN_FROM_IMPORTS_WITH_SAME_SOURCE" value="true" />
  </Python>
  <codeStyleSettings language="JavaScript">
    <indentOptions>
      <option name="CONTINUATION_INDENT_SIZE" value="8" />
    </indentOptions>
  </codeStyleSettings>
  <codeStyleSettings language="Python">
    <option name="RIGHT_MARGIN" value="200" />
    <option name="SOFT_MARGINS" value="88" />
  </codeStyleSettings>
</code_scheme>