<keymap version="1" name="Default copy" parent="$default">
  <action id="$Copy" />
  <action id="AceAction">
    <keyboard-shortcut first-keystroke="ctrl #10000c4" />
  </action>
  <action id="AceLineAction" />
  <action id="AceTargetAction" />
  <action id="AceWordAction">
    <keyboard-shortcut first-keystroke="shift ctrl #10000c4" />
  </action>
  <action id="ActivateFavoritesToolWindow" />
  <action id="ActivateProjectToolWindow" />
  <action id="ActivateRunToolWindow" />
  <action id="ActivateStructureToolWindow" />
  <action id="ActivateTODOToolWindow" />
  <action id="ActivateTerminalToolWindow" />
  <action id="ActivateVersionControlToolWindow" />
  <action id="CharJumpAction">
    <keyboard-shortcut first-keystroke="ctrl #10000c4" />
  </action>
  <action id="CheckinProject" />
  <action id="ChooseRunConfiguration">
    <keyboard-shortcut first-keystroke="shift f5" />
  </action>
  <action id="CloseActiveTab">
    <keyboard-shortcut first-keystroke="shift f1" />
  </action>
  <action id="CommentByLineComment">
    <keyboard-shortcut first-keystroke="ctrl slash" />
    <keyboard-shortcut first-keystroke="ctrl divide" />
    <keyboard-shortcut first-keystroke="ctrl g" />
  </action>
  <action id="ContextHelp" />
  <action id="CopyElement" />
  <action id="EditSource" />
  <action id="Editor SelectAll">
    <keyboard-shortcut first-keystroke="ctrl a" />
  </action>
  <action id="EditorChooseLookupItem">
    <keyboard-shortcut first-keystroke="tab" />
  </action>
  <action id="EditorCopy" />
  <action id="EditorDown">
    <keyboard-shortcut first-keystroke="down" />
    <keyboard-shortcut first-keystroke="ctrl j" />
  </action>
  <action id="EditorIndentLineOrSelection">
    <keyboard-shortcut first-keystroke="ctrl dead_diaeresis" />
  </action>
  <action id="EditorIndentSelection" />
  <action id="EditorScrollToCenter" />
  <action id="EditorUnindentSelection" />
  <action id="EditorUp">
    <keyboard-shortcut first-keystroke="up" />
    <keyboard-shortcut first-keystroke="ctrl k" />
  </action>
  <action id="ExternalJavaDoc" />
  <action id="FileChooser.NewFolder">
    <keyboard-shortcut first-keystroke="alt insert" />
  </action>
  <action id="FileChooser.TogglePathShowing" />
  <action id="Find">
    <keyboard-shortcut first-keystroke="alt f3" />
  </action>
  <action id="FindInPath">
    <keyboard-shortcut first-keystroke="ctrl f" />
  </action>
  <action id="GotoAction">
    <keyboard-shortcut first-keystroke="ctrl m" />
  </action>
  <action id="GotoChangedFile" />
  <action id="GotoClass" />
  <action id="GotoLine" />
  <action id="HighlightUsagesInFile">
    <keyboard-shortcut first-keystroke="shift ctrl f7" />
    <keyboard-shortcut first-keystroke="f9" />
  </action>
  <action id="Images.Editor.ToggleGrid" />
  <action id="InsertLiveTemplate" />
  <action id="JumpToLastWindow" />
  <action id="JustOneSpace" />
  <action id="NextTab">
    <keyboard-shortcut first-keystroke="alt i" />
  </action>
  <action id="ParameterInfo" />
  <action id="PreviousTab">
    <keyboard-shortcut first-keystroke="alt u" />
  </action>
  <action id="QuickDocCopy" />
  <action id="QuickJavaDoc">
    <mouse-shortcut keystroke="alt button2" />
  </action>
  <action id="QuickJumpAction">
    <keyboard-shortcut first-keystroke="ctrl #10000c4" />
  </action>
  <action id="QuickJumpSelectAction" />
  <action id="Resume">
    <keyboard-shortcut first-keystroke="f10" />
  </action>
  <action id="Run">
    <keyboard-shortcut first-keystroke="f5" />
  </action>
  <action id="ScrollTreeToCenter" />
  <action id="SearchEverywhere">
    <keyboard-shortcut first-keystroke="ctrl p" />
  </action>
  <action id="ShowErrorDescription" />
  <action id="ShowUsages">
    <keyboard-shortcut first-keystroke="f4" />
  </action>
  <action id="Stop">
    <keyboard-shortcut first-keystroke="ctrl f2" />
    <keyboard-shortcut first-keystroke="ctrl c" />
  </action>
  <action id="ToggleBookmark" />
  <action id="ToggleBookmarkWithMnemonic" />
  <action id="ToggleDistractionFreeMode">
    <keyboard-shortcut first-keystroke="ctrl f11" />
  </action>
  <action id="ToggleFullScreen">
    <keyboard-shortcut first-keystroke="f11" />
  </action>
  <action id="Vcs.EditSource" />
  <action id="Vcs.Log.GoToRef">
    <keyboard-shortcut first-keystroke="alt f3" />
  </action>
  <action id="Vcs.ShowMessageHistory">
    <keyboard-shortcut first-keystroke="ctrl e" />
  </action>
  <action id="VimPluginToggle" />
  <action id="XDebugger.CopyValue" />
  <action id="XDebugger.JumpToSource" />
  <action id="com.johnlindquist.quickjump.QuickJumpSelectFromCaretAction" />
  <action id="com.johnlindquist.quickjump.QuickJumpSmartCompletionAction">
    <keyboard-shortcut first-keystroke="ctrl alt #10000c4" />
  </action>
  <action id="emacsIDEAs.AceJumpWord">
    <keyboard-shortcut first-keystroke="alt w" />
  </action>
</keymap>