<keymap version="1" name="Mac OS X copy" parent="Mac OS X">
  <action id="ActivateProjectToolWindow">
    <keyboard-shortcut first-keystroke="ctrl 2" />
  </action>
  <action id="Activatemanage.py@skoleToolWindow">
    <keyboard-shortcut first-keystroke="ctrl 8" />
  </action>
  <action id="Arrangement.Alias.Rule.Edit" />
  <action id="Arrangement.Rule.Add">
    <keyboard-shortcut first-keystroke="ctrl n" />
  </action>
  <action id="Arrangement.Rule.Edit" />
  <action id="ChangesView.Rename" />
  <action id="ChangesView.SetDefault" />
  <action id="CloseProject">
    <keyboard-shortcut first-keystroke="meta w" />
  </action>
  <action id="CodeCompletion" />
  <action id="CollapseExpandableComponent">
    <keyboard-shortcut first-keystroke="meta subtract" />
    <keyboard-shortcut first-keystroke="meta minus" />
  </action>
  <action id="Console.TableResult.EditValue">
    <keyboard-shortcut first-keystroke="enter" />
  </action>
  <action id="Console.TableResult.EditValueMaximized">
    <keyboard-shortcut first-keystroke="shift alt enter" />
  </action>
  <action id="Console.TableResult.NavigateAction" />
  <action id="ContextHelp" />
  <action id="CopyElement" />
  <action id="DatabaseView.CopyTable" />
  <action id="DatabaseView.PropertiesAction" />
  <action id="Diff.ApplyLeftSide" />
  <action id="Diff.ApplyRightSide" />
  <action id="Diff.NextChange" />
  <action id="Diff.PrevChange" />
  <action id="EditSource" />
  <action id="EditorChooseLookupItemCompleteStatement" />
  <action id="EditorCompleteStatement">
    <keyboard-shortcut first-keystroke="ctrl l" />
  </action>
  <action id="EditorLookupDown" />
  <action id="EditorLookupUp" />
  <action id="EditorMatchBrace" />
  <action id="EditorSelectWord" />
  <action id="EditorStartNewLine" />
  <action id="ExpandExpandableComponent">
    <keyboard-shortcut first-keystroke="meta add" />
    <keyboard-shortcut first-keystroke="meta equals" />
  </action>
  <action id="ExpressionTypeInfo" />
  <action id="FileChooser.GotoProject" />
  <action id="FindNext" />
  <action id="FindPrevious" />
  <action id="ForceRunToCursor">
    <keyboard-shortcut first-keystroke="shift f6" />
  </action>
  <action id="ForceStepInto">
    <keyboard-shortcut first-keystroke="shift f3" />
  </action>
  <action id="ForceStepOver">
    <keyboard-shortcut first-keystroke="shift f2" />
  </action>
  <action id="Generate">
    <keyboard-shortcut first-keystroke="ctrl n" />
  </action>
  <action id="Git.Reword.Commit" />
  <action id="GotoAction" />
  <action id="GotoBookmark1" />
  <action id="GotoBookmark2" />
  <action id="GotoBookmark8" />
  <action id="GotoNextError" />
  <action id="GotoPreviousError" />
  <action id="HideAllWindows">
    <keyboard-shortcut first-keystroke="ctrl 1" />
  </action>
  <action id="JumpToLastWindow">
    <keyboard-shortcut first-keystroke="f12" />
    <keyboard-shortcut first-keystroke="ctrl t" />
  </action>
  <action id="JupyterRunCellAction" />
  <action id="JupyterRunCellSelectBelowAction" />
  <action id="JupyterSelectCellAboveAction" />
  <action id="JupyterSelectCellBelowAction" />
  <action id="MethodDown" />
  <action id="MethodUp" />
  <action id="MinimizeCurrentWindow" />
  <action id="Move" />
  <action id="NewElement">
    <keyboard-shortcut first-keystroke="ctrl n" />
  </action>
  <action id="NewScratchFile" />
  <action id="NextEditorTab" />
  <action id="NextOccurence">
    <keyboard-shortcut first-keystroke="shift ctrl n" />
  </action>
  <action id="NextTab" />
  <action id="OpenElementInNewWindow" />
  <action id="PreviousEditorTab" />
  <action id="PreviousOccurence">
    <keyboard-shortcut first-keystroke="shift ctrl p" />
  </action>
  <action id="PreviousTab" />
  <action id="PyExecuteCellAction" />
  <action id="Refresh" />
  <action id="RemoteHost.NewRemoteItem">
    <keyboard-shortcut first-keystroke="ctrl n" />
  </action>
  <action id="RenameElement" />
  <action id="Rerun" />
  <action id="RunToCursor">
    <keyboard-shortcut first-keystroke="f6" />
  </action>
  <action id="ServiceView.GroupByContributor" />
  <action id="SetShortcutAction" />
  <action id="ShelvedChanges.Rename" />
  <action id="ShowContent" />
  <action id="ShowExecutionPoint">
    <keyboard-shortcut first-keystroke="f1" />
  </action>
  <action id="ShowIntentionActions">
    <keyboard-shortcut first-keystroke="ctrl enter" />
  </action>
  <action id="SmartStepInto">
    <keyboard-shortcut first-keystroke="f4" />
  </action>
  <action id="StepInto">
    <keyboard-shortcut first-keystroke="f3" />
  </action>
  <action id="StepOut">
    <keyboard-shortcut first-keystroke="f5" />
  </action>
  <action id="StepOver">
    <keyboard-shortcut first-keystroke="f2" />
  </action>
  <action id="Stop">
    <keyboard-shortcut first-keystroke="ctrl c" />
  </action>
  <action id="UML.ApplyCurrentLayout" />
  <action id="Vcs.EditSource" />
  <action id="XDebugger.EditWatch" />
  <action id="XDebugger.JumpToSource" />
  <action id="XDebugger.SetValue" />
</keymap>