<keymap version="1" name="macOS (eero)" parent="Mac OS X 10.5+">
  <action id="ActivateDebugToolWindow">
    <keyboard-shortcut first-keystroke="meta 5" />
    <keyboard-shortcut first-keystroke="ctrl 4" />
  </action>
  <action id="ActivateProjectToolWindow">
    <keyboard-shortcut first-keystroke="meta 1" />
    <keyboard-shortcut first-keystroke="ctrl 2" />
  </action>
  <action id="ActivatePythonConsoleToolWindow">
    <keyboard-shortcut first-keystroke="ctrl 6" />
  </action>
  <action id="ActivateRunToolWindow">
    <keyboard-shortcut first-keystroke="meta 4" />
    <keyboard-shortcut first-keystroke="ctrl 3" />
  </action>
  <action id="ActivateTerminalToolWindow">
    <keyboard-shortcut first-keystroke="alt f12" />
    <keyboard-shortcut first-keystroke="ctrl 5" />
  </action>
  <action id="ActivateVersionControlToolWindow">
    <keyboard-shortcut first-keystroke="meta 9" />
    <keyboard-shortcut first-keystroke="ctrl 0" />
  </action>
  <action id="Arrangement.Rule.Add">
    <keyboard-shortcut first-keystroke="meta n" />
  </action>
  <action id="ChangesView.Move" />
  <action id="CloseContent" />
  <action id="CloseProject">
    <keyboard-shortcut first-keystroke="meta w" />
  </action>
  <action id="Console.TableResult.Reload" />
  <action id="DatabaseView.Refresh" />
  <action id="Diff.ApplyLeftSide" />
  <action id="Diff.ApplyRightSide" />
  <action id="Diff.NextChange">
    <keyboard-shortcut first-keystroke="shift meta close_bracket" />
  </action>
  <action id="Diff.PrevChange">
    <keyboard-shortcut first-keystroke="shift meta open_bracket" />
  </action>
  <action id="EditorCompleteStatement">
    <keyboard-shortcut first-keystroke="shift meta enter" />
    <keyboard-shortcut first-keystroke="ctrl l" />
  </action>
  <action id="EditorLookupDown" />
  <action id="EditorLookupUp" />
  <action id="Generate">
    <keyboard-shortcut first-keystroke="meta n" />
  </action>
  <action id="Github.PullRequest.Comments.Reload" />
  <action id="Github.PullRequest.Details.Reload" />
  <action id="Github.PullRequest.Timeline.Update" />
  <action id="GotoAction" />
  <action id="GotoBookmark0" />
  <action id="GotoBookmark1" />
  <action id="GotoBookmark2" />
  <action id="GotoBookmark3" />
  <action id="GotoBookmark4" />
  <action id="GotoBookmark5" />
  <action id="GotoBookmark6" />
  <action id="HideAllWindows">
    <keyboard-shortcut first-keystroke="shift meta f12" />
    <keyboard-shortcut first-keystroke="ctrl 1" />
  </action>
  <action id="JupyterRunCellAction" />
  <action id="JupyterSelectCellAboveAction" />
  <action id="JupyterSelectCellBelowAction" />
  <action id="MethodDown" />
  <action id="MethodUp" />
  <action id="NewElement">
    <keyboard-shortcut first-keystroke="meta n" />
  </action>
  <action id="NextEditorTab" />
  <action id="NextTab">
    <keyboard-shortcut first-keystroke="shift meta close_bracket" />
  </action>
  <action id="PreviousEditorTab" />
  <action id="PreviousTab">
    <keyboard-shortcut first-keystroke="shift meta open_bracket" />
  </action>
  <action id="PyExecuteCellAction" />
  <action id="Refactorings.QuickListPopupAction" />
  <action id="Refresh" />
  <action id="RemoteHost.NewRemoteItem">
    <keyboard-shortcut first-keystroke="meta n" />
  </action>
  <action id="RenameElement">
    <keyboard-shortcut first-keystroke="shift f6" />
    <keyboard-shortcut first-keystroke="meta r" />
  </action>
  <action id="Replace" />
  <action id="Rerun" />
  <action id="ServiceView.GroupByContributor" />
  <action id="ShowContent" />
  <action id="ShowIntentionActions">
    <keyboard-shortcut first-keystroke="ctrl enter" />
  </action>
  <action id="Stop">
    <keyboard-shortcut first-keystroke="meta f2" />
    <keyboard-shortcut first-keystroke="ctrl c" />
  </action>
  <action id="Terminal.SwitchFocusToEditor" />
  <action id="Vcs.Log.Refresh" />
  <action id="Vcs.MoveChangedLinesToChangelist" />
  <action id="hg4idea.QRefresh" />
</keymap>