<keymap version="1" name="macOS (eero)" parent="Mac OS X 10.5+">
  <action id="ActivateBookmarksToolWindow" />
  <action id="ActivateCommitToolWindow" />
  <action id="ActivateDebugToolWindow">
    <keyboard-shortcut first-keystroke="ctrl 4" />
  </action>
  <action id="ActivateFavoritesToolWindow" />
  <action id="ActivateFindToolWindow" />
  <action id="ActivateProblemsViewToolWindow" />
  <action id="ActivateProjectToolWindow">
    <keyboard-shortcut first-keystroke="ctrl 2" />
  </action>
  <action id="ActivatePythonConsoleToolWindow">
    <keyboard-shortcut first-keystroke="ctrl 6" />
  </action>
  <action id="ActivateRunToolWindow">
    <keyboard-shortcut first-keystroke="ctrl 3" />
  </action>
  <action id="ActivateServicesToolWindow" />
  <action id="ActivateStructureToolWindow" />
  <action id="ActivateTerminalToolWindow">
    <keyboard-shortcut first-keystroke="alt f12" />
    <keyboard-shortcut first-keystroke="ctrl 5" />
  </action>
  <action id="ActivateVersionControlToolWindow">
    <keyboard-shortcut first-keystroke="ctrl 0" />
  </action>
  <action id="Arrangement.Rule.Add">
    <keyboard-shortcut first-keystroke="meta n" />
  </action>
  <action id="ChangesView.Diff" />
  <action id="ChangesView.GroupBy.Module" />
  <action id="ChangesView.Move" />
  <action id="ClassNameCompletion" />
  <action id="CloseContent" />
  <action id="CloseProject">
    <keyboard-shortcut first-keystroke="meta w" />
  </action>
  <action id="CodeCompletion" />
  <action id="CollapseAll" />
  <action id="CollapseExpandableComponent">
    <keyboard-shortcut first-keystroke="shift enter" />
  </action>
  <action id="CollapseRegion" />
  <action id="CompareTwoFiles" />
  <action id="Console.History.Browse">
    <keyboard-shortcut first-keystroke="meta e" />
  </action>
  <action id="Console.TableResult.Reload" />
  <action id="DatabaseView.Refresh" />
  <action id="Diff.ApplyLeftSide" />
  <action id="Diff.ApplyRightSide" />
  <action id="Diff.NextChange">
    <keyboard-shortcut first-keystroke="shift meta close_bracket" />
  </action>
  <action id="Diff.PrevChange">
    <keyboard-shortcut first-keystroke="shift meta open_bracket" />
  </action>
  <action id="Diff.ShowDiff" />
  <action id="Django.RunManageTaskAction" />
  <action id="DuplicatesForm.SendToLeft" />
  <action id="DuplicatesForm.SendToRight" />
  <action id="EditorCompleteStatement">
    <keyboard-shortcut first-keystroke="ctrl l" />
  </action>
  <action id="EditorDecreaseFontSize">
    <keyboard-shortcut first-keystroke="meta minus" />
  </action>
  <action id="EditorDuplicate" />
  <action id="EditorIncreaseFontSize">
    <keyboard-shortcut first-keystroke="meta plus" />
  </action>
  <action id="EditorLookupDown" />
  <action id="EditorLookupUp" />
  <action id="EditorMatchBrace" />
  <action id="EditorResetFontSize">
    <keyboard-shortcut first-keystroke="meta 0" />
  </action>
  <action id="EditorScrollToCenter" />
  <action id="EvaluateExpression" />
  <action id="ExpandRegion">
    <keyboard-shortcut first-keystroke="meta equals" />
  </action>
  <action id="FileChooser.GotoDesktop" />
  <action id="FileChooser.GotoHome" />
  <action id="FileChooser.GotoProject" />
  <action id="Find" />
  <action id="FindInPath">
    <keyboard-shortcut first-keystroke="meta f" />
  </action>
  <action id="FocusEditor">
    <keyboard-shortcut first-keystroke="meta escape" />
  </action>
  <action id="ForceRunToCursor">
    <keyboard-shortcut first-keystroke="shift meta 5" />
  </action>
  <action id="ForceStepInto">
    <keyboard-shortcut first-keystroke="meta 3" />
  </action>
  <action id="ForceStepOver">
    <keyboard-shortcut first-keystroke="shift meta 1" />
  </action>
  <action id="Generate" />
  <action id="Github.PullRequest.Comments.Reload" />
  <action id="Github.PullRequest.Details.Reload" />
  <action id="Github.PullRequest.Timeline.Update" />
  <action id="GotoAction" />
  <action id="GotoBookmark0" />
  <action id="GotoBookmark1" />
  <action id="GotoBookmark2" />
  <action id="GotoBookmark3" />
  <action id="GotoBookmark4" />
  <action id="GotoBookmark5" />
  <action id="GotoBookmark6" />
  <action id="GotoChangedFile" />
  <action id="GotoClass" />
  <action id="HideAllWindows">
    <keyboard-shortcut first-keystroke="shift meta f12" />
    <keyboard-shortcut first-keystroke="ctrl 1" />
  </action>
  <action id="JupyterRunCellAction" />
  <action id="JupyterSelectCellAboveAction" />
  <action id="JupyterSelectCellBelowAction" />
  <action id="MethodDown" />
  <action id="MethodUp" />
  <action id="NewElement">
    <keyboard-shortcut first-keystroke="meta n" />
  </action>
  <action id="NextEditorTab" />
  <action id="NextTab">
    <keyboard-shortcut first-keystroke="shift meta close_bracket" />
  </action>
  <action id="OpenFile">
    <keyboard-shortcut first-keystroke="meta o" />
  </action>
  <action id="PreviousEditorTab" />
  <action id="PreviousTab">
    <keyboard-shortcut first-keystroke="shift meta open_bracket" />
  </action>
  <action id="ProblemsView.ShowPreview">
    <keyboard-shortcut first-keystroke="meta 2" />
  </action>
  <action id="PyExecuteCellAction" />
  <action id="QuickEvaluateExpression" />
  <action id="RecentFiles" />
  <action id="RecentLocations" />
  <action id="Refactorings.QuickListPopupAction" />
  <action id="Refresh" />
  <action id="RemoteHost.NewRemoteItem">
    <keyboard-shortcut first-keystroke="meta n" />
  </action>
  <action id="RenameElement">
    <keyboard-shortcut first-keystroke="shift f6" />
    <keyboard-shortcut first-keystroke="meta r" />
  </action>
  <action id="Replace" />
  <action id="Rerun" />
  <action id="Resume">
    <keyboard-shortcut first-keystroke="meta e" />
  </action>
  <action id="Run" />
  <action id="RunDashboard.CopyConfiguration" />
  <action id="RunToCursor">
    <keyboard-shortcut first-keystroke="meta 5" />
  </action>
  <action id="SelectNextOccurrence">
    <keyboard-shortcut first-keystroke="ctrl m" />
  </action>
  <action id="SendEOF" />
  <action id="ServiceView.GroupByContributor" />
  <action id="ShowContent" />
  <action id="ShowExecutionPoint" />
  <action id="ShowIntentionActions">
    <keyboard-shortcut first-keystroke="ctrl enter" />
  </action>
  <action id="SmartStepInto">
    <keyboard-shortcut first-keystroke="shift meta 3" />
  </action>
  <action id="SmartTypeCompletion" />
  <action id="StepInto">
    <keyboard-shortcut first-keystroke="meta 2" />
  </action>
  <action id="StepOut">
    <keyboard-shortcut first-keystroke="meta 4" />
  </action>
  <action id="StepOver">
    <keyboard-shortcut first-keystroke="meta 1" />
  </action>
  <action id="Stop">
    <keyboard-shortcut first-keystroke="meta f2" />
    <keyboard-shortcut first-keystroke="ctrl c" />
  </action>
  <action id="SwitcherIterateItems" />
  <action id="Terminal.SwitchFocusToEditor" />
  <action id="TodoViewGroupByShowModules" />
  <action id="UnselectPreviousOccurrence">
    <keyboard-shortcut first-keystroke="ctrl comma" />
  </action>
  <action id="UpdateRunningApplication">
    <keyboard-shortcut first-keystroke="shift meta e" />
  </action>
  <action id="Vcs.Log.Refresh" />
  <action id="Vcs.MoveChangedLinesToChangelist" />
  <action id="Vcs.ShowMessageHistory" />
  <action id="XDebugger.CopyWatch" />
  <action id="hg4idea.QRefresh" />
  <action id="openAssertEqualsDiff" />
  <action id="org.intellij.plugins.markdown.ui.actions.editorLayout.EditorAndPreviewLayoutChangeAction">
    <keyboard-shortcut first-keystroke="meta 2" />
  </action>
  <action id="org.intellij.plugins.markdown.ui.actions.editorLayout.EditorOnlyLayoutChangeAction">
    <keyboard-shortcut first-keystroke="meta 1" />
  </action>
  <action id="org.intellij.plugins.markdown.ui.actions.editorLayout.PreviewOnlyLayoutChangeAction">
    <keyboard-shortcut first-keystroke="meta 3" />
  </action>
</keymap>