<application>
  <component name="VimEditorSettings">
    <editor>
      <key-repeat enabled="true" />
    </editor>
  </component>
  <component name="VimHistorySettings">
    <history>
      <history-search>
        <entry>NATIONWIDE_SUPPLIER_IDENTIFIER</entry>
        <entry>nationwide_supplier</entry>
        <entry>SHUUP_MULTI</entry>
        <entry>Shuup</entry>
        <entry encoding="base64">XDxtYWluX3Nob3BcPg==</entry>
        <entry>2</entry>
        <entry>shop_pro</entry>
        <entry>provi</entry>
        <entry encoding="base64">XDxTdGFmZlw+</entry>
        <entry encoding="base64">XDxzdGFmZlw+</entry>
        <entry>installed</entry>
        <entry>raven</entry>
        <entry>shop</entry>
        <entry>main</entry>
        <entry encoding="base64">XDxzaG9wMVw+</entry>
        <entry>langua</entry>
        <entry>Shop</entry>
        <entry>default</entry>
        <entry>DefaultShopProvider</entry>
        <entry>defini</entry>
      </history-search>
      <history-cmd>
        <entry>action GotoSuperMethod</entry>
        <entry>action ActivateTerminalToolWindow</entry>
        <entry>action GotoPreviousError</entry>
        <entry>action KJumpAction</entry>
        <entry>action GotoNextError</entry>
        <entry>action ShowBookmarks</entry>
        <entry>vs</entry>
        <entry>action ActivatePythonConsoleToolWindow</entry>
        <entry>action ShowUsages</entry>
        <entry>action HighlightUsagesInFile</entry>
        <entry>action ActivateProjectToolWindow</entry>
        <entry>action RenameElement</entry>
        <entry>action EditorCloneCaretBelow</entry>
        <entry>action FindInPath</entry>
        <entry>action Forward</entry>
        <entry>action GotoClass</entry>
        <entry>action Back</entry>
        <entry>noh</entry>
        <entry>action GotoFile</entry>
        <entry>w</entry>
      </history-cmd>
      <history-expr />
      <history-input />
    </history>
  </component>
  <component name="VimKeySettings">
    <shortcut-conflicts>
      <shortcut-conflict owner="vim">
        <text>ctrl pressed 2</text>
      </shortcut-conflict>
      <shortcut-conflict owner="vim">
        <text>ctrl pressed 5</text>
      </shortcut-conflict>
      <shortcut-conflict owner="vim">
        <text>ctrl pressed 3</text>
      </shortcut-conflict>
      <shortcut-conflict owner="vim">
        <text>ctrl pressed J</text>
      </shortcut-conflict>
      <shortcut-conflict owner="vim">
        <text>ctrl pressed O</text>
      </shortcut-conflict>
      <shortcut-conflict owner="vim">
        <text>ctrl pressed V</text>
      </shortcut-conflict>
      <shortcut-conflict owner="vim">
        <text>ctrl pressed N</text>
      </shortcut-conflict>
      <shortcut-conflict owner="vim">
        <text>pressed F12</text>
      </shortcut-conflict>
      <shortcut-conflict owner="vim">
        <text>ctrl pressed P</text>
      </shortcut-conflict>
      <shortcut-conflict owner="ide">
        <text>ctrl pressed C</text>
      </shortcut-conflict>
      <shortcut-conflict owner="vim">
        <text>ctrl pressed 6</text>
      </shortcut-conflict>
      <shortcut-conflict owner="ide">
        <text>ctrl pressed L</text>
      </shortcut-conflict>
      <shortcut-conflict owner="vim">
        <text>ctrl pressed H</text>
      </shortcut-conflict>
      <shortcut-conflict owner="vim">
        <text>ctrl pressed 4</text>
      </shortcut-conflict>
      <shortcut-conflict owner="vim">
        <text>ctrl pressed T</text>
      </shortcut-conflict>
      <shortcut-conflict owner="vim">
        <text>ctrl pressed 7</text>
      </shortcut-conflict>
      <shortcut-conflict owner="vim">
        <text>ctrl pressed G</text>
      </shortcut-conflict>
    </shortcut-conflicts>
  </component>
  <component name="VimMarksSettings">
    <globalmarks />
    <filemarks>
      <file name="$USER_HOME$/shuup/tietoa-finland-marketplace/app/tietoa-app/tietoa/apps.py" timestamp="1588600596354">
        <mark key="[" line="16" column="20" />
        <mark key="]" line="16" column="43" />
        <mark key="." line="16" column="34" />
      </file>
      <file name="/a.dummy" timestamp="1588600552788">
        <mark key="[" line="0" column="1" />
      </file>
      <file name="$USER_HOME$/.pyenv/versions/tietoa/lib/python3.6/site-packages/shuup/core/utils/shops.py" timestamp="1588591225720">
        <mark key="[" line="10" column="0" />
        <mark key="]" line="26" column="15" />
        <mark key="^" line="17" column="13" />
      </file>
      <file name="$USER_HOME$/shuup/tietoa-finland-marketplace/app/tietoa-app/CHANGELOG.md" timestamp="1588600761479">
        <mark key="[" line="15" column="32" />
        <mark key="]" line="15" column="44" />
        <mark key="^" line="15" column="44" />
        <mark key="." line="15" column="43" />
      </file>
      <file name="$USER_HOME$/shuup/tietoa-finland-marketplace/app/tietoa-app/tietoa/utils.py" timestamp="1588597843922">
        <mark key="[" line="0" column="0" />
        <mark key="]" line="22" column="15" />
        <mark key="." line="0" column="0" />
      </file>
      <file name="$USER_HOME$/shuup/tietoa-finland-marketplace/app/tietoa-app/tietoa/theme.py" timestamp="1588600560334">
        <mark key="[" line="16" column="6" />
        <mark key="]" line="16" column="7" />
        <mark key="." line="16" column="7" />
      </file>
      <file name="$USER_HOME$/.pyenv/versions/tietoa/lib/python3.6/site-packages/shuup/xtheme/_theme.py" timestamp="1588600642144">
        <mark key="'" line="479" column="13" />
      </file>
      <file name="$USER_HOME$/shuup/tietoa-finland-marketplace/app/tietoa-app/setup.cfg" timestamp="1588600791341">
        <mark key="[" line="1" column="14" />
        <mark key="]" line="1" column="15" />
        <mark key="." line="1" column="15" />
      </file>
      <file name="$USER_HOME$/shuup/tietoa-finland-marketplace/app/requirements.txt" timestamp="1588595894733">
        <mark key="'" line="0" column="0" />
      </file>
      <file name="/Django Console" timestamp="1588595310742">
        <mark key="[" line="0" column="0" />
      </file>
      <file name="$USER_HOME$/shuup/tietoa-finland-marketplace/app/tietoa-app/tietoa/admin_shop_provider.py" timestamp="1588598091969">
        <mark key="q" line="16" column="0" />
        <mark key="'" line="25" column="0" />
        <mark key="[" line="24" column="8" />
        <mark key="]" line="27" column="27" />
        <mark key="^" line="23" column="8" />
        <mark key="." line="24" column="8" />
      </file>
      <file name="$USER_HOME$/shuup/tietoa-finland-marketplace/app/project/settings.py" timestamp="1588597648081">
        <mark key="'" line="247" column="74" />
        <mark key="[" line="247" column="35" />
        <mark key="]" line="247" column="75" />
        <mark key="." line="247" column="35" />
        <mark key="^" line="300" column="61" />
      </file>
      <file name="$USER_HOME$/.pyenv/versions/tietoa/lib/python3.6/site-packages/django/db/models/query.py" timestamp="1588595525472">
        <mark key="'" line="475" column="42" />
      </file>
      <file name="$USER_HOME$/shuup/tietoa-finland-marketplace/app/tietoa-app/tietoa/management/commands/init_tietoa.py" timestamp="1588600673411">
        <mark key="q" line="57" column="55" />
        <mark key="'" line="64" column="41" />
        <mark key="[" line="66" column="27" />
        <mark key="]" line="66" column="33" />
        <mark key="." line="66" column="27" />
        <mark key="^" line="64" column="33" />
      </file>
      <file name="$USER_HOME$/shuup/tietoa-finland-marketplace/app/tietoa-app/tietoa/package.json" timestamp="1588600025968">
        <mark key="'" line="30" column="66" />
      </file>
      <file name="$USER_HOME$/.pyenv/versions/tietoa/lib/python3.6/site-packages/shuup/admin/shop_provider.py" timestamp="1588597946001">
        <mark key="'" line="36" column="26" />
        <mark key="[" line="29" column="0" />
        <mark key="]" line="32" column="27" />
        <mark key="^" line="17" column="6" />
        <mark key="." line="17" column="5" />
      </file>
      <file name="$USER_HOME$/shuup/tietoa-finland-marketplace/app/tietoa-app/tietoa/core_shop_provider.py" timestamp="1588598133727">
        <mark key="q" line="15" column="21" />
        <mark key="'" line="17" column="18" />
        <mark key="[" line="3" column="23" />
        <mark key="]" line="3" column="24" />
        <mark key="." line="3" column="23" />
        <mark key="^" line="3" column="24" />
      </file>
      <file name="$USER_HOME$/shuup/tietoa-finland-marketplace/app/setup.cfg" timestamp="1588600820411">
        <mark key="'" line="15" column="7" />
        <mark key="[" line="39" column="20" />
        <mark key="]" line="39" column="21" />
        <mark key="." line="39" column="21" />
      </file>
    </filemarks>
    <jumps>
      <jump line="207" column="3" filename="$USER_HOME$/.pyenv/versions/tietoa/lib/python3.6/site-packages/shuup/core/settings.py" />
      <jump line="208" column="3" filename="$USER_HOME$/.pyenv/versions/tietoa/lib/python3.6/site-packages/shuup/core/settings.py" />
      <jump line="209" column="3" filename="$USER_HOME$/.pyenv/versions/tietoa/lib/python3.6/site-packages/shuup/core/settings.py" />
      <jump line="213" column="3" filename="$USER_HOME$/.pyenv/versions/tietoa/lib/python3.6/site-packages/shuup/core/settings.py" />
      <jump line="90" column="32" filename="$USER_HOME$/shuup/tietoa-finland-marketplace/app/tietoa-app/tietoa/management/commands/init_tietoa.py" />
      <jump line="91" column="32" filename="$USER_HOME$/shuup/tietoa-finland-marketplace/app/tietoa-app/tietoa/management/commands/init_tietoa.py" />
      <jump line="94" column="8" filename="$USER_HOME$/shuup/tietoa-finland-marketplace/app/tietoa-app/tietoa/management/commands/init_tietoa.py" />
      <jump line="79" column="59" filename="$USER_HOME$/shuup/tietoa-finland-marketplace/app/tietoa-app/tietoa/management/commands/init_tietoa.py" />
      <jump line="80" column="19" filename="$USER_HOME$/shuup/tietoa-finland-marketplace/app/tietoa-app/tietoa/management/commands/init_tietoa.py" />
      <jump line="82" column="23" filename="$USER_HOME$/shuup/tietoa-finland-marketplace/app/tietoa-app/tietoa/management/commands/init_tietoa.py" />
      <jump line="86" column="28" filename="$USER_HOME$/shuup/tietoa-finland-marketplace/app/tietoa-app/tietoa/management/commands/init_tietoa.py" />
      <jump line="98" column="30" filename="$USER_HOME$/shuup/tietoa-finland-marketplace/app/tietoa-app/tietoa/management/commands/init_tietoa.py" />
      <jump line="107" column="30" filename="$USER_HOME$/shuup/tietoa-finland-marketplace/app/tietoa-app/tietoa/management/commands/init_tietoa.py" />
      <jump line="239" column="33" filename="$USER_HOME$/shuup/tietoa-finland-marketplace/app/project/settings.py" />
      <jump line="123" column="28" filename="$USER_HOME$/shuup/tietoa-finland-marketplace/app/project/settings.py" />
      <jump line="127" column="26" filename="$USER_HOME$/shuup/tietoa-finland-marketplace/app/project/settings.py" />
      <jump line="165" column="0" filename="$USER_HOME$/shuup/tietoa-finland-marketplace/app/project/settings.py" />
      <jump line="20" column="29" filename="$USER_HOME$/.pyenv/versions/tietoa/lib/python3.6/site-packages/shuup/core/shop_provider.py" />
      <jump line="0" column="0" filename="$USER_HOME$/shuup/tietoa-finland-marketplace/app/project/settings.py" />
      <jump line="38" column="27" filename="$USER_HOME$/shuup/tietoa-finland-marketplace/app/project/settings.py" />
      <jump line="124" column="16" filename="$USER_HOME$/shuup/tietoa-finland-marketplace/app/project/settings.py" />
      <jump line="240" column="22" filename="$USER_HOME$/shuup/tietoa-finland-marketplace/app/project/settings.py" />
      <jump line="242" column="26" filename="$USER_HOME$/shuup/tietoa-finland-marketplace/app/project/settings.py" />
      <jump line="245" column="6" filename="$USER_HOME$/shuup/tietoa-finland-marketplace/app/project/settings.py" />
      <jump line="20" column="8" filename="$USER_HOME$/.pyenv/versions/tietoa/lib/python3.6/site-packages/shuup/admin/shop_provider.py" />
      <jump line="0" column="0" filename="$USER_HOME$/.pyenv/versions/tietoa/lib/python3.6/site-packages/shuup/admin/shop_provider.py" />
      <jump line="81" column="4" filename="$USER_HOME$/.pyenv/versions/tietoa/lib/python3.6/site-packages/shuup/admin/shop_provider.py" />
      <jump line="21" column="0" filename="$USER_HOME$/shuup/tietoa-finland-marketplace/app/tietoa-app/tietoa/admin_shop_provider.py" />
      <jump line="81" column="4" filename="$USER_HOME$/shuup/tietoa-finland-marketplace/app/tietoa-app/tietoa/admin_shop_provider.py" />
      <jump line="36" column="22" filename="$USER_HOME$/shuup/tietoa-finland-marketplace/app/tietoa-app/tietoa/admin_shop_provider.py" />
      <jump line="19" column="22" filename="$USER_HOME$/shuup/tietoa-finland-marketplace/app/tietoa-app/tietoa/admin_shop_provider.py" />
      <jump line="35" column="18" filename="$USER_HOME$/shuup/tietoa-finland-marketplace/app/tietoa-app/tietoa/admin_shop_provider.py" />
      <jump line="97" column="7" filename="$USER_HOME$/shuup/tietoa-finland-marketplace/app/tietoa-app/tietoa/admin_shop_provider.py" />
      <jump line="82" column="0" filename="$USER_HOME$/shuup/tietoa-finland-marketplace/app/tietoa-app/tietoa/admin_shop_provider.py" />
      <jump line="98" column="7" filename="$USER_HOME$/shuup/tietoa-finland-marketplace/app/tietoa-app/tietoa/admin_shop_provider.py" />
      <jump line="36" column="26" filename="$USER_HOME$/.pyenv/versions/tietoa/lib/python3.6/site-packages/shuup/admin/shop_provider.py" />
      <jump line="88" column="51" filename="$USER_HOME$/shuup/tietoa-finland-marketplace/app/tietoa-app/tietoa/admin_shop_provider.py" />
      <jump line="106" column="4" filename="$USER_HOME$/shuup/tietoa-finland-marketplace/app/tietoa-app/tietoa/admin_shop_provider.py" />
      <jump line="83" column="19" filename="$USER_HOME$/shuup/tietoa-finland-marketplace/app/tietoa-app/tietoa/admin_shop_provider.py" />
      <jump line="0" column="0" filename="$USER_HOME$/shuup/tietoa-finland-marketplace/app/tietoa-app/tietoa/admin_shop_provider.py" />
      <jump line="32" column="0" filename="$USER_HOME$/shuup/tietoa-finland-marketplace/app/tietoa-app/tietoa/admin_shop_provider.py" />
      <jump line="78" column="0" filename="$USER_HOME$/shuup/tietoa-finland-marketplace/app/tietoa-app/tietoa/admin_shop_provider.py" />
      <jump line="31" column="58" filename="$USER_HOME$/shuup/tietoa-finland-marketplace/app/tietoa-app/tietoa/admin_shop_provider.py" />
      <jump line="42" column="0" filename="$USER_HOME$/shuup/tietoa-finland-marketplace/app/tietoa-app/tietoa/admin_shop_provider.py" />
      <jump line="29" column="7" filename="$USER_HOME$/shuup/tietoa-finland-marketplace/app/tietoa-app/tietoa/admin_shop_provider.py" />
      <jump line="26" column="22" filename="$USER_HOME$/shuup/tietoa-finland-marketplace/app/tietoa-app/tietoa/admin_shop_provider.py" />
      <jump line="56" column="30" filename="$USER_HOME$/shuup/tietoa-finland-marketplace/app/tietoa-app/tietoa/admin_shop_provider.py" />
      <jump line="17" column="3" filename="$USER_HOME$/shuup/tietoa-finland-marketplace/app/tietoa-app/tietoa/admin_shop_provider.py" />
      <jump line="55" column="9" filename="$USER_HOME$/shuup/tietoa-finland-marketplace/app/tietoa-app/tietoa/management/commands/init_tietoa.py" />
      <jump line="43" column="14" filename="$USER_HOME$/shuup/tietoa-finland-marketplace/app/tietoa-app/tietoa/management/commands/init_tietoa.py" />
      <jump line="45" column="12" filename="$USER_HOME$/shuup/tietoa-finland-marketplace/app/tietoa-app/tietoa/management/commands/init_tietoa.py" />
      <jump line="51" column="14" filename="$USER_HOME$/shuup/tietoa-finland-marketplace/app/tietoa-app/tietoa/management/commands/init_tietoa.py" />
      <jump line="53" column="12" filename="$USER_HOME$/shuup/tietoa-finland-marketplace/app/tietoa-app/tietoa/management/commands/init_tietoa.py" />
      <jump line="59" column="14" filename="$USER_HOME$/shuup/tietoa-finland-marketplace/app/tietoa-app/tietoa/management/commands/init_tietoa.py" />
      <jump line="61" column="12" filename="$USER_HOME$/shuup/tietoa-finland-marketplace/app/tietoa-app/tietoa/management/commands/init_tietoa.py" />
      <jump line="89" column="8" filename="$USER_HOME$/shuup/tietoa-finland-marketplace/app/tietoa-app/tietoa/management/commands/init_tietoa.py" />
      <jump line="96" column="26" filename="$USER_HOME$/shuup/tietoa-finland-marketplace/app/tietoa-app/tietoa/management/commands/init_tietoa.py" />
      <jump line="105" column="26" filename="$USER_HOME$/shuup/tietoa-finland-marketplace/app/tietoa-app/tietoa/management/commands/init_tietoa.py" />
      <jump line="300" column="40" filename="$USER_HOME$/shuup/tietoa-finland-marketplace/app/project/settings.py" />
      <jump line="27" column="39" filename="$USER_HOME$/shuup/tietoa-finland-marketplace/app/tietoa-app/tietoa/admin_shop_provider.py" />
      <jump line="22" column="47" filename="$USER_HOME$/shuup/tietoa-finland-marketplace/app/tietoa-app/tietoa/admin_shop_provider.py" />
      <jump line="30" column="24" filename="$USER_HOME$/shuup/tietoa-finland-marketplace/app/tietoa-app/tietoa/management/commands/init_tietoa.py" />
      <jump line="48" column="22" filename="$USER_HOME$/shuup/tietoa-finland-marketplace/app/tietoa-app/tietoa/management/commands/init_tietoa.py" />
      <jump line="60" column="7" filename="$USER_HOME$/shuup/tietoa-finland-marketplace/app/tietoa-app/tietoa/management/commands/init_tietoa.py" />
      <jump line="58" column="25" filename="$USER_HOME$/shuup/tietoa-finland-marketplace/app/tietoa-app/tietoa/management/commands/init_tietoa.py" />
      <jump line="57" column="18" filename="$USER_HOME$/shuup/tietoa-finland-marketplace/app/tietoa-app/tietoa/management/commands/init_tietoa.py" />
      <jump line="56" column="19" filename="$USER_HOME$/shuup/tietoa-finland-marketplace/app/tietoa-app/tietoa/management/commands/init_tietoa.py" />
      <jump line="40" column="44" filename="$USER_HOME$/shuup/tietoa-finland-marketplace/app/tietoa-app/tietoa/management/commands/init_tietoa.py" />
      <jump line="475" column="42" filename="$USER_HOME$/.pyenv/versions/tietoa/lib/python3.6/site-packages/django/db/models/query.py" />
      <jump line="46" column="23" filename="$USER_HOME$/shuup/tietoa-finland-marketplace/app/tietoa-app/tietoa/management/commands/init_tietoa.py" />
      <jump line="28" column="39" filename="$USER_HOME$/shuup/tietoa-finland-marketplace/app/tietoa-app/tietoa/management/commands/init_tietoa.py" />
      <jump line="0" column="0" filename="$USER_HOME$/shuup/tietoa-finland-marketplace/app/requirements.txt" />
      <jump line="130" column="18" filename="$USER_HOME$/shuup/tietoa-finland-marketplace/app/project/settings.py" />
      <jump line="157" column="37" filename="$USER_HOME$/shuup/tietoa-finland-marketplace/app/project/settings.py" />
      <jump line="167" column="47" filename="$USER_HOME$/shuup/tietoa-finland-marketplace/app/project/settings.py" />
      <jump line="169" column="25" filename="$USER_HOME$/shuup/tietoa-finland-marketplace/app/project/settings.py" />
      <jump line="30" column="37" filename="$USER_HOME$/shuup/tietoa-finland-marketplace/app/tietoa-app/tietoa/admin_shop_provider.py" />
      <jump line="180" column="44" filename="$USER_HOME$/shuup/tietoa-finland-marketplace/app/project/settings.py" />
      <jump line="14" column="26" filename="$USER_HOME$/shuup/tietoa-finland-marketplace/app/tietoa-app/tietoa/core_shop_provider.py" />
      <jump line="247" column="74" filename="$USER_HOME$/shuup/tietoa-finland-marketplace/app/project/settings.py" />
      <jump line="24" column="7" filename="$USER_HOME$/shuup/tietoa-finland-marketplace/app/tietoa-app/tietoa/core_shop_provider.py" />
      <jump line="23" column="7" filename="$USER_HOME$/shuup/tietoa-finland-marketplace/app/tietoa-app/tietoa/core_shop_provider.py" />
      <jump line="25" column="0" filename="$USER_HOME$/shuup/tietoa-finland-marketplace/app/tietoa-app/tietoa/admin_shop_provider.py" />
      <jump line="20" column="7" filename="$USER_HOME$/shuup/tietoa-finland-marketplace/app/tietoa-app/tietoa/core_shop_provider.py" />
      <jump line="18" column="23" filename="$USER_HOME$/shuup/tietoa-finland-marketplace/app/tietoa-app/tietoa/core_shop_provider.py" />
      <jump line="16" column="7" filename="$USER_HOME$/shuup/tietoa-finland-marketplace/app/tietoa-app/tietoa/core_shop_provider.py" />
      <jump line="17" column="18" filename="$USER_HOME$/shuup/tietoa-finland-marketplace/app/tietoa-app/tietoa/core_shop_provider.py" />
      <jump line="484" column="20" filename="$USER_HOME$/.pyenv/versions/tietoa/lib/python3.6/site-packages/shuup/xtheme/_theme.py" />
      <jump line="483" column="20" filename="$USER_HOME$/.pyenv/versions/tietoa/lib/python3.6/site-packages/shuup/xtheme/_theme.py" />
      <jump line="482" column="20" filename="$USER_HOME$/.pyenv/versions/tietoa/lib/python3.6/site-packages/shuup/xtheme/_theme.py" />
      <jump line="18" column="0" filename="$USER_HOME$/shuup/tietoa-finland-marketplace/app/tietoa-app/CHANGELOG.md" />
      <jump line="14" column="0" filename="$USER_HOME$/shuup/tietoa-finland-marketplace/app/tietoa-app/CHANGELOG.md" />
      <jump line="16" column="0" filename="$USER_HOME$/shuup/tietoa-finland-marketplace/app/tietoa-app/CHANGELOG.md" />
      <jump line="15" column="7" filename="$USER_HOME$/shuup/tietoa-finland-marketplace/app/setup.cfg" />
      <jump line="0" column="0" filename="$USER_HOME$/shuup/tietoa-finland-marketplace/app/tietoa-app/tietoa/package.json" />
      <jump line="30" column="66" filename="$USER_HOME$/shuup/tietoa-finland-marketplace/app/tietoa-app/tietoa/package.json" />
      <jump line="457" column="35" filename="$USER_HOME$/.pyenv/versions/tietoa/lib/python3.6/site-packages/shuup/xtheme/_theme.py" />
      <jump line="479" column="13" filename="$USER_HOME$/.pyenv/versions/tietoa/lib/python3.6/site-packages/shuup/xtheme/_theme.py" />
      <jump line="64" column="41" filename="$USER_HOME$/shuup/tietoa-finland-marketplace/app/tietoa-app/tietoa/management/commands/init_tietoa.py" />
      <jump line="10" column="0" filename="$USER_HOME$/shuup/tietoa-finland-marketplace/app/tietoa-app/CHANGELOG.md" />
    </jumps>
  </component>
  <component name="VimRegisterSettings">
    <registers>
      <register name="&quot;" type="4">
        <text />
      </register>
      <register name="*" type="2">
        <text encoding="base64">IyMjIENoYW5nZWQK</text>
      </register>
      <register name="-" type="4">
        <text>tietoa.theme:TietoaTheme</text>
      </register>
      <register name="/" type="4">
        <text>defini</text>
      </register>
      <register name="0" type="2">
        <text encoding="base64">IyMgWzEuMC43XSAtIDIwMjAtMDUtMDQK</text>
      </register>
      <register name="1" type="2">
        <text encoding="base64">IyMjIENoYW5nZWQK</text>
      </register>
      <register name="q" type="4">
        <text>f=hDj^</text>
      </register>
      <register name="2" type="2">
        <text encoding="base64">Cg==</text>
      </register>
      <register name="3" type="2">
        <text encoding="base64">Ci0gU2V0IHRpZXRvYSB0aGVtZSBpbiAK</text>
      </register>
      <register name="4" type="2">
        <text encoding="base64">ago=</text>
      </register>
      <register name="5" type="2">
        <text encoding="base64">Cg==</text>
      </register>
      <register name="6" type="2">
        <text encoding="base64">IyMgWzEuMC42XSAtIDIwMjAtMDUtMDQKCiMjIyBGaXhlZAoKLSBGaXggdmVyc2lvbiBudW1iZXIKCg==</text>
      </register>
      <register name="7" type="2">
        <text encoding="base64">IyMgWzEuMC41XSAtIDIwMjAtMDUtMDQK</text>
      </register>
      <register name="8" type="2">
        <text encoding="base64">ICAgICAgICBzaG9wcyA9IFNob3Aub2JqZWN0cy5hbGwoKQoK</text>
      </register>
      <register name="9" type="2">
        <text encoding="base64">ICAgICAgICAjIGNhY2hlIHNob3AgYXMgd2UgYWxyZWFkeSBjYWxjdWxhdGVkIGl0CiAgICAgICAgcmV0dXJuIHNob3AK</text>
      </register>
      <register name=":" type="4">
        <text>w</text>
      </register>
    </registers>
  </component>
  <component name="VimSearchSettings">
    <search>
      <last-search>defini</last-search>
      <last-offset />
      <last-pattern>defini</last-pattern>
      <last-replace>3</last-replace>
      <last-substitute>2</last-substitute>
      <last-dir>1</last-dir>
      <show-last>false</show-last>
    </search>
  </component>
  <component name="VimSettings">
    <state version="6" enabled="true" />
    <notifications>
      <idea-join enabled="false" />
      <idea-put enabled="false" />
    </notifications>
  </component>
</application>